Country Name;Country Code;1992;1993;1994;1995;1996;1997;1998;1999;2000;2001;2002;2003;2004;2005;2006;2007;2008;2009;2010;2011;2012;2013;2014;2015;2016;2017;2018;2019;2020;2021;2022;2023
Norway;NOR; 30.523,99 ; 27.963,70 ; 29.315,81 ; 34.875,70 ; 37.321,97 ; 36.629,03 ; 34.803,46 ; 36.393,29 ; 38.178,24 ; 38.601,90 ; 43.170,56 ; 50.250,33 ; 57.768,70 ; 67.047,17 ; 74.434,50 ; 85.502,27 ; 97.503,54 ; 80.347,57 ; 88.163,21 ; 101.221,81 ; 102.175,92 ; 103.553,84 ; 97.666,70 ; 74.809,97 ; 70.867,36 ; 76.131,84 ; 82.792,84 ; 76.430,59 ; 68.340,02 ; 93.072,89 ; 108.798,45 ; 87.925,09 
Netherlands;NLD; 23.939,22 ; 23.156,44 ; 24.682,59 ; 29.301,19 ; 29.063,62 ; 26.744,96 ; 27.924,28 ; 28.318,75 ; 26.225,17 ; 26.955,71 ; 29.446,53 ; 35.896,75 ; 40.611,34 ; 42.165,40 ; 45.123,54 ; 52.100,80 ; 58.246,70 ; 53.172,03 ; 51.305,73 ; 54.701,77 ; 50.473,94 ; 52.602,29 ; 53.457,22 ; 45.793,81 ; 46.808,53 ; 49.513,68 ; 53.955,08 ; 53.554,90 ; 53.467,93 ; 60.141,99 ; 59.123,32 ; 64.572,01 
Italy;ITA; 23.297,05 ; 18.781,95 ; 19.382,20 ; 20.712,18 ; 23.122,93 ; 21.883,99 ; 22.365,18 ; 22.050,00 ; 20.190,00 ; 20.571,48 ; 22.463,52 ; 27.618,94 ; 31.425,82 ; 32.171,79 ; 33.684,72 ; 38.031,97 ; 41.095,41 ; 37.388,45 ; 36.184,71 ; 38.851,39 ; 35.235,80 ; 35.747,71 ; 35.750,72 ; 30.387,13 ; 31.126,32 ; 32.554,15 ; 34.746,34 ; 33.812,79 ; 32.091,49 ; 36.852,54 ; 35.635,74 ; 39.003,32 
Spain;ESP; 16.100,68 ; 13.330,38 ; 13.405,70 ; 15.460,91 ; 16.100,62 ; 14.722,37 ; 15.382,33 ; 15.707,95 ; 14.743,27 ; 15.368,23 ; 17.111,07 ; 21.522,02 ; 24.925,03 ; 26.450,95 ; 28.421,69 ; 32.652,02 ; 35.603,25 ; 32.279,82 ; 30.658,74 ; 31.824,62 ; 28.456,44 ; 29.218,91 ; 29.694,89 ; 25.969,84 ; 26.740,69 ; 28.367,94 ; 30.592,13 ; 29.776,20 ; 27.230,36 ; 30.817,68 ; 30.287,37 ; 33.509,01 
Azerbaijan;AZE; 60,24 ; 209,53 ; 157,06 ; 314,56 ; 409,19 ; 505,52 ; 561,91 ; 573,89 ; 655,10 ; 703,67 ; 763,11 ; 883,69 ; 1.045,01 ; 1.578,37 ; 2.472,96 ; 3.851,33 ; 5.574,47 ; 4.950,40 ; 5.843,53 ; 7.189,82 ; 7.495,87 ; 7.875,35 ; 7.890,84 ; 5.500,50 ; 3.880,69 ; 4.147,20 ; 4.739,79 ; 4.805,75 ; 4.229,91 ; 5.408,05 ; 7.770,59 ; 7.125,91 
Russia;RUS; 3.098,80 ; 2.930,67 ; 2.662,10 ; 2.665,78 ; 2.643,93 ; 2.737,57 ; 1.834,86 ; 1.330,76 ; 1.771,59 ; 2.100,35 ; 2.377,53 ; 2.975,12 ; 4.102,36 ; 5.323,46 ; 6.920,20 ; 9.101,24 ; 11.635,28 ; 8.562,82 ; 10.674,99 ; 14.305,33 ; 15.401,85 ; 15.941,45 ; 14.055,47 ; 9.277,71 ; 8.663,16 ; 10.658,91 ; 11.211,89 ; 11.447,70 ; 10.108,33 ; 12.521,52 ; 15.445,24 ; 13.817,05 
Belarus;BLR; 1.658,09 ; 1.589,51 ; 1.460,01 ; 1.370,70 ; 1.452,51 ; 1.396,66 ; 1.511,26 ; 1.210,59 ; 1.276,28 ; 1.244,37 ; 1.479,38 ; 1.819,53 ; 2.378,34 ; 3.126,07 ; 3.848,22 ; 4.735,48 ; 6.376,18 ; 5.352,49 ; 6.034,68 ; 6.527,66 ; 6.953,22 ; 7.998,08 ; 8.341,29 ; 5.967,07 ; 5.039,78 ; 5.785,53 ; 6.360,05 ; 6.837,77 ; 6.542,86 ; 7.489,72 ; 7.994,65 ; 7.829,05 
France;FRA; 23.615,02 ; 22.238,83 ; 23.359,90 ; 26.791,82 ; 26.757,64 ; 24.169,40 ; 24.869,40 ; 24.576,32 ; 22.340,59 ; 22.331,79 ; 24.144,57 ; 29.479,52 ; 33.644,93 ; 34.696,37 ; 36.431,57 ; 41.486,19 ; 45.464,82 ; 41.728,09 ; 40.694,82 ; 43.929,78 ; 40.863,58 ; 42.669,18 ; 43.148,05 ; 36.702,43 ; 37.024,22 ; 38.687,16 ; 41.418,18 ; 40.408,28 ; 39.169,86 ; 43.725,10 ; 41.082,81 ; 44.690,93 
Cameroon;CMR; 1.005,45 ; 1.309,94 ; 700,71 ; 832,01 ; 826,97 ; 783,25 ; 798,75 ; 796,26 ; 708,57 ; 715,47 ; 789,62 ; 988,24 ; 1.133,39 ; 1.142,62 ; 1.191,45 ; 1.325,67 ; 1.492,14 ; 1.461,39 ; 1.398,59 ; 1.513,96 ; 1.449,10 ; 1.575,93 ; 1.649,44 ; 1.415,00 ; 1.441,72 ; 1.496,09 ; 1.610,70 ; 1.555,23 ; 1.555,60 ; 1.672,33 ; 1.604,88 ; 1.736,86 
USA;USA; 25.418,99 ; 26.387,29 ; 27.694,85 ; 28.690,88 ; 29.967,71 ; 31.459,13 ; 32.853,67 ; 34.515,38 ; 36.329,97 ; 37.133,62 ; 37.997,74 ; 39.490,30 ; 41.724,64 ; 44.123,40 ; 46.301,99 ; 48.050,23 ; 48.570,06 ; 47.194,95 ; 48.650,66 ; 50.065,98 ; 51.784,41 ; 53.409,75 ; 55.304,32 ; 57.040,21 ; 58.206,61 ; 60.322,26 ; 63.201,05 ; 65.604,68 ; 64.411,37 ; 71.318,31 ; 78.035,18 ; 82.769,41 
Australia;AUS; 18.624,19 ; 17.699,88 ; 18.129,64 ; 20.448,12 ; 22.021,78 ; 23.646,62 ; 21.479,11 ; 20.712,67 ; 21.870,42 ; 19.695,73 ; 20.301,84 ; 23.718,13 ; 30.836,73 ; 34.479,77 ; 36.595,71 ; 41.051,61 ; 49.701,28 ; 42.816,57 ; 52.144,67 ; 62.605,60 ; 68.072,87 ; 68.190,70 ; 62.544,09 ; 56.739,03 ; 49.888,04 ; 53.901,71 ; 57.196,42 ; 54.972,70 ; 51.791,54 ; 60.607,78 ; 64.997,01 ; 64.820,91 
Iran;IRN; 1.957,49 ; 1.038,11 ; 1.167,76 ; 1.550,01 ; 1.914,78 ; 1.790,07 ; 1.709,19 ; 1.739,59 ; 1.650,01 ; 1.881,02 ; 1.891,26 ; 2.209,00 ; 2.672,42 ; 3.132,05 ; 3.618,92 ; 4.687,99 ; 5.377,41 ; 5.415,52 ; 6.291,19 ; 8.025,69 ; 8.114,08 ; 6.222,74 ; 5.672,06 ; 4.952,73 ; 5.477,04 ; 5.753,12 ; 4.631,79 ; 3.831,28 ; 2.988,78 ; 4.334,79 ; 4.405,09 ; 4.465,64 
Uzbekistan;UZB; 602,92 ; 595,78 ; 574,23 ; 582,54 ; 597,33 ; 620,59 ; 621,05 ; 697,76 ; 555,15 ; 454,42 ; 381,41 ; 394,16 ; 462,17 ; 542,84 ; 649,12 ; 824,03 ; 1.074,73 ; 1.205,80 ; 1.753,21 ; 2.087,86 ; 2.307,35 ; 2.461,98 ; 2.674,96 ; 2.803,19 ; 2.753,38 ; 2.190,60 ; 1.813,09 ; 2.041,38 ; 1.978,28 ; 2.258,52 ; 2.578,67 ; 2.849,51 
Tajikistan;TJK; 337,83 ; 287,62 ; 261,27 ; 207,03 ; 172,04 ; 150,09 ; 213,75 ; 175,02 ; 136,93 ; 168,68 ; 186,95 ; 233,58 ; 305,75 ; 333,93 ; 401,02 ; 517,00 ; 703,33 ; 664,80 ; 737,34 ; 833,60 ; 952,45 ; 1.028,20 ; 1.081,54 ; 956,92 ; 788,71 ; 829,46 ; 834,29 ; 871,02 ; 834,31 ; 896,75 ; 1.052,18 ; 1.160,81 
Canada;CAN; 20.950,33 ; 20.186,80 ; 19.997,62 ; 20.679,63 ; 21.296,97 ; 21.901,56 ; 21.024,59 ; 22.315,25 ; 24.271,00 ; 23.822,10 ; 24.256,02 ; 28.301,86 ; 32.145,54 ; 36.383,66 ; 40.504,04 ; 44.660,08 ; 46.710,25 ; 40.874,88 ; 47.560,67 ; 52.223,86 ; 52.670,34 ; 52.638,12 ; 50.960,84 ; 43.594,19 ; 42.314,06 ; 45.129,63 ; 46.539,18 ; 46.352,87 ; 43.537,84 ; 52.496,84 ; 55.509,39 ; 53.431,19 
Ethiopia;ETH; 207,41 ; 168,52 ; 127,69 ; 136,52 ; 147,33 ; 143,37 ; 126,47 ; 120,73 ; 122,27 ; 118,46 ; 109,59 ; 116,80 ; 133,17 ; 158,24 ; 189,35 ; 237,15 ; 316,41 ; 368,57 ; 330,62 ; 343,02 ; 452,10 ; 484,04 ; 549,99 ; 621,85 ; 696,20 ; 745,63 ; 747,97 ; 828,71 ; 905,31 ; 910,95 ; 1.011,07 ; 1.272,02 
Turkey;TUR; 2.743,65 ; 3.057,94 ; 2.176,28 ; 2.774,62 ; 2.929,15 ; 3.020,99 ; 4.329,56 ; 3.969,47 ; 4.192,44 ; 3.045,55 ; 3.583,20 ; 4.637,88 ; 5.960,78 ; 7.303,01 ; 7.953,08 ; 9.711,22 ; 10.843,50 ; 9.013,00 ; 10.622,70 ; 11.300,79 ; 11.713,28 ; 12.578,19 ; 12.165,22 ; 11.050,00 ; 10.970,05 ; 10.695,55 ; 9.568,84 ; 9.215,44 ; 8.638,74 ; 9.743,21 ; 10.674,50 ; 13.105,66 
Egypt;EGY; 680,80 ; 740,33 ; 807,30 ; 916,33 ; 1.008,98 ; 1.146,20 ; 1.212,82 ; 1.268,31 ; 1.366,09 ; 1.295,14 ; 1.116,83 ; 1.031,28 ; 991,26 ; 1.104,80 ; 1.298,98 ; 1.547,74 ; 1.896,22 ; 2.161,64 ; 2.455,08 ; 2.590,64 ; 2.996,07 ; 3.025,53 ; 3.133,39 ; 3.306,98 ; 3.270,63 ; 2.395,10 ; 2.484,70 ; 2.962,99 ; 3.511,11 ; 3.827,35 ; 4.233,31 ; 3.457,46 
Sweden;SWE; 32.753,80 ; 24.390,15 ; 26.045,81 ; 30.254,30 ; 33.022,56 ; 30.324,45 ; 30.605,62 ; 30.969,10 ; 29.632,77 ; 27.259,48 ; 29.957,94 ; 37.292,42 ; 42.758,20 ; 43.378,62 ; 46.531,60 ; 53.568,56 ; 55.817,44 ; 46.707,87 ; 52.542,83 ; 60.379,77 ; 57.749,83 ; 60.844,28 ; 59.583,71 ; 51.197,95 ; 51.820,40 ; 53.300,86 ; 54.181,91 ; 51.773,05 ; 52.653,76 ; 61.174,97 ; 55.296,94 ; 55.516,84 
Jordan;JOR; 1.286,63 ; 1.289,41 ; 1.367,19 ; 1.415,71 ; 1.410,17 ; 1.435,88 ; 1.532,11 ; 1.544,59 ; 1.570,61 ; 1.632,29 ; 1.706,27 ; 1.775,68 ; 1.940,09 ; 2.087,87 ; 2.342,63 ; 2.506,21 ; 3.241,65 ; 3.435,83 ; 3.718,47 ; 3.946,86 ; 4.169,50 ; 4.311,22 ; 4.191,18 ; 4.042,76 ; 3.986,72 ; 4.065,62 ; 4.145,44 ; 4.170,11 ; 4.022,04 ; 4.183,50 ; 4.332,25 ; 4.455,51 
Romania;ROU; 1.102,10 ; 1.158,06 ; 1.323,03 ; 1.650,05 ; 1.633,01 ; 1.577,34 ; 1.852,55 ; 1.599,91 ; 1.659,93 ; 1.825,19 ; 2.119,86 ; 2.679,41 ; 3.494,99 ; 4.618,00 ; 5.757,53 ; 8.360,34 ; 10.435,16 ; 8.548,45 ; 8.399,54 ; 9.560,68 ; 8.929,95 ; 9.497,67 ; 10.031,77 ; 8.977,02 ; 9.404,54 ; 10.727,98 ; 12.502,26 ; 12.992,03 ; 13.082,30 ; 14.986,79 ; 15.557,88 ; 18.404,27 
Argentina;ARG; 6.790,00 ; 6.931,86 ; 7.437,56 ; 7.357,62 ; 7.663,21 ; 8.146,79 ; 8.218,99 ; 7.705,54 ; 7.637,01 ; 7.141,48 ; 2.569,70 ; 3.320,48 ; 4.242,02 ; 5.067,65 ; 5.869,38 ; 7.185,25 ; 8.944,11 ; 8.150,24 ; 10.260,13 ; 12.704,28 ; 12.949,72 ; 12.963,68 ; 12.233,14 ; 13.679,63 ; 12.699,96 ; 14.532,50 ; 11.752,80 ; 9.955,97 ; 8.535,60 ; 10.738,02 ; 13.935,68 ; 14.187,48 
Cuba;CUB; 2.047,68 ; 2.063,20 ; 2.613,29 ; 2.785,24 ; 2.282,19 ; 2.306,42 ; 2.332,31 ; 2.561,78 ; 2.751,38 ; 2.842,97 ; 3.005,21 ; 3.202,78 ; 3.399,22 ; 3.786,34 ; 4.329,98 ; 4.807,44 ; 4.986,12 ; 5.089,24 ; 5.272,27 ; 6.104,46 ; 6.470,84 ; 6.828,36 ; 7.146,70 ; 7.727,92 ; 8.110,56 ; 8.610,61 ; 8.911,46 ; 9.232,26 ; 9.605,26 ; 7.400,44 ; 7.449,68 ; 7.599,00 
UK;GBR; 20.487,17 ; 18.389,02 ; 19.709,24 ; 23.168,95 ; 24.406,40 ; 26.766,01 ; 28.274,50 ; 28.762,09 ; 28.280,93 ; 27.906,57 ; 30.077,74 ; 34.442,69 ; 40.366,89 ; 42.104,79 ; 44.512,46 ; 50.397,69 ; 47.396,12 ; 38.744,13 ; 39.598,96 ; 42.109,64 ; 42.497,34 ; 43.426,30 ; 47.439,62 ; 44.964,39 ; 40.985,24 ; 40.572,12 ; 43.203,81 ; 42.662,54 ; 40.201,68 ; 46.896,87 ; 45.935,93 ; 49.463,86 
New Zealand;NZL; 11.793,14 ; 13.094,35 ; 15.280,31 ; 17.400,42 ; 18.794,44 ; 17.474,19 ; 14.738,45 ; 15.322,22 ; 13.641,10 ; 13.882,86 ; 16.874,19 ; 21.913,71 ; 25.420,23 ; 27.751,07 ; 26.654,59 ; 32.479,98 ; 31.252,96 ; 28.209,36 ; 33.676,77 ; 38.388,53 ; 39.974,30 ; 42.977,39 ; 44.578,23 ; 38.639,35 ; 40.070,90 ; 42.913,19 ; 43.228,70 ; 42.747,21 ; 41.785,69 ; 49.624,18 ; 48.216,51 ; 48.280,81 
Germany;DEU; 26.559,85 ; 25.616,65 ; 27.201,96 ; 31.747,24 ; 30.599,79 ; 27.046,96 ; 27.395,94 ; 26.965,49 ; 23.925,86 ; 23.878,36 ; 25.486,59 ; 30.711,10 ; 34.566,74 ; 35.084,44 ; 36.980,33 ; 42.350,92 ; 46.386,33 ; 42.487,21 ; 42.409,94 ; 47.646,58 ; 44.735,59 ; 47.220,01 ; 48.971,08 ; 41.911,01 ; 42.961,04 ; 45.526,60 ; 48.874,86 ; 47.623,87 ; 47.379,77 ; 52.265,65 ; 49.686,12 ; 54.343,23 
Nigeria;NGA; 508,52 ; 539,57 ; 744,88 ; 1.271,62 ; 1.632,72 ; 1.720,28 ; 1.822,47 ; 480,67 ; 547,32 ; 566,43 ; 712,16 ; 763,39 ; 962,48 ; 1.211,38 ; 1.599,54 ; 1.815,53 ; 2.154,11 ; 1.820,49 ; 2.202,26 ; 2.418,41 ; 2.633,20 ; 2.872,79 ; 3.088,72 ; 2.585,73 ; 2.070,41 ; 1.876,34 ; 2.057,88 ; 2.265,16 ; 2.019,66 ; 2.017,27 ; 2.139,37 ; 1.596,64 
Brazil;BRA; 2.127,32 ; 2.348,88 ; 3.298,71 ; 4.756,75 ; 5.179,13 ; 5.299,40 ; 5.105,89 ; 3.493,57 ; 3.766,55 ; 3.176,29 ; 2.855,94 ; 3.090,61 ; 3.663,82 ; 4.827,78 ; 5.934,14 ; 7.409,69 ; 8.908,33 ; 8.678,66 ; 11.403,28 ; 13.396,62 ; 12.521,72 ; 12.458,89 ; 12.274,99 ; 8.936,20 ; 8.836,29 ; 10.080,51 ; 9.300,66 ; 9.029,83 ; 7.074,19 ; 7.972,54 ; 9.281,33 ; 10.294,87 
Lithuania;LTU; 2.318,00 ; 2.278,00 ; 1.914,14 ; 2.182,69 ; 2.340,68 ; 2.844,16 ; 3.180,64 ; 3.127,51 ; 3.300,64 ; 3.532,53 ; 4.148,13 ; 5.507,47 ; 6.734,57 ; 7.857,03 ; 9.210,10 ; 12.295,12 ; 14.955,53 ; 11.854,37 ; 11.829,12 ; 14.261,84 ; 14.294,72 ; 15.655,35 ; 16.473,57 ; 14.300,26 ; 14.981,62 ; 16.884,71 ; 19.368,54 ; 19.727,76 ; 20.541,82 ; 23.934,73 ; 25.085,78 ; 27.786,01 
Hungary;HUN; 3.735,11 ; 3.873,99 ; 4.173,37 ; 4.494,71 ; 4.525,04 ; 4.596,18 ; 4.744,21 ; 4.793,48 ; 4.624,28 ; 5.276,03 ; 6.655,33 ; 8.419,43 ; 10.301,70 ; 11.223,40 ; 11.489,56 ; 13.940,91 ; 15.772,33 ; 13.077,31 ; 13.217,50 ; 14.234,47 ; 12.984,84 ; 13.715,07 ; 14.294,26 ; 12.717,04 ; 13.104,70 ; 14.621,24 ; 16.425,21 ; 16.786,21 ; 16.131,95 ; 18.755,10 ; 18.353,30 ; 22.141,87 
South Africa;ZAF; 3.462,39 ; 3.399,64 ; 3.488,60 ; 3.855,63 ; 3.617,55 ; 3.700,24 ; 3.309,61 ; 3.242,37 ; 3.217,85 ; 2.847,15 ; 2.688,24 ; 4.062,22 ; 5.221,46 ; 5.836,88 ; 6.077,38 ; 6.591,86 ; 6.184,75 ; 6.374,71 ; 7.973,47 ; 8.646,06 ; 8.076,98 ; 7.331,65 ; 6.856,73 ; 6.112,27 ; 5.651,21 ; 6.618,34 ; 6.914,18 ; 6.533,71 ; 5.580,60 ; 6.843,40 ; 6.523,41 ; 6.022,54 
Indonesia;IDN; 673,67 ; 817,40 ; 899,79 ; 1.011,23 ; 1.118,92 ; 1.044,61 ; 454,88 ; 657,27 ; 763,71 ; 732,31 ; 881,00 ; 1.043,21 ; 1.126,84 ; 1.238,21 ; 1.558,32 ; 1.823,22 ; 2.124,55 ; 2.218,49 ; 3.065,68 ; 3.579,46 ; 3.632,27 ; 3.566,60 ; 3.441,07 ; 3.288,22 ; 3.521,47 ; 3.798,88 ; 3.860,95 ; 4.106,95 ; 3.853,70 ; 4.287,17 ; 4.730,75 ; 4.876,31 
Japan;JPN; 31.992,79 ; 36.345,24 ; 39.933,52 ; 44.197,62 ; 39.150,04 ; 35.638,23 ; 32.423,76 ; 36.610,17 ; 39.169,36 ; 34.406,18 ; 32.820,79 ; 35.387,04 ; 38.298,98 ; 37.812,90 ; 35.991,55 ; 35.779,02 ; 39.876,30 ; 41.309,00 ; 44.968,16 ; 48.760,08 ; 49.145,28 ; 40.898,65 ; 38.475,40 ; 34.960,64 ; 39.375,47 ; 38.834,05 ; 39.751,13 ; 40.415,96 ; 40.040,77 ; 40.058,54 ; 34.017,27 ; 33.766,53 
Ukraine;UKR; 1.413,24 ; 1.254,03 ; 1.009,09 ; 933,19 ; 869,85 ; 987,49 ; 831,34 ; 631,91 ; 653,29 ; 800,49 ; 903,01 ; 1.076,48 ; 1.401,02 ; 1.875,34 ; 2.366,49 ; 3.160,33 ; 4.017,81 ; 2.607,09 ; 3.039,63 ; 3.656,70 ; 3.951,34 ; 4.129,90 ; 3.054,91 ; 2.094,47 ; 2.158,46 ; 2.604,29 ; 3.059,05 ; 3.619,86 ; 3.709,77 ; 4.775,95 ; 4.199,67 ; 5.069,70 
Greece;GRC; 11.021,01 ; 10.257,31 ; 10.937,02 ; 12.779,08 ; 13.432,53 ; 13.015,92 ; 13.022,96 ; 12.742,54 ; 11.638,20 ; 12.156,96 ; 13.782,20 ; 18.020,61 ; 21.449,26 ; 22.054,13 ; 24.416,02 ; 28.440,76 ; 31.695,83 ; 29.425,46 ; 26.653,05 ; 25.504,79 ; 21.624,35 ; 21.573,34 ; 21.474,73 ; 17.980,73 ; 17.919,24 ; 18.631,99 ; 19.873,40 ; 19.335,36 ; 17.886,73 ; 20.654,70 ; 20.971,83 ; 23.400,73 
Syria;SYR; 990,14 ; 992,77 ; 712,39 ; 779,70 ; 918,20 ; 940,83 ; 960,84 ; 978,17 ; 1.138,19 ; 1.186,83 ; 1.183,25 ; 1.220,18 ; 1.368,11 ; 1.533,90 ; 1.718,78 ; 1.937,61 ; 2.429,12 ; 2.462,20 ; 2.730,61 ; 2.952,14 ; 1.897,66 ; 985,89 ; 1.060,59 ; 847,73 ; 656,35 ; 851,50 ; 1.098,07 ; 1.109,54 ; 572,36 ; 663,61 ; 1.051,67 ; 1.000,47 
Qatar;QAT; 16.280,29 ; 14.769,72 ; 14.764,88 ; 15.822,51 ; 17.124,79 ; 20.522,80 ; 17.665,44 ; 20.233,68 ; 27.535,18 ; 25.870,80 ; 27.226,66 ; 31.602,47 ; 41.035,50 ; 53.949,68 ; 62.582,45 ; 65.954,34 ; 80.781,40 ; 60.785,74 ; 77.387,33 ; 103.261,51 ; 108.470,38 ; 103.697,01 ; 95.840,63 ; 68.985,29 ; 61.253,64 ; 63.279,86 ; 71.039,85 ; 66.841,30 ; 51.683,51 ; 71.751,88 ; 88.701,46 ; 80.195,87 
Kuwait;KWT; 12.146,20 ; 14.317,72 ; 14.929,74 ; 16.168,17 ; 18.201,10 ; 16.977,39 ; 14.066,95 ; 15.853,63 ; 19.296,35 ; 17.374,23 ; 18.512,75 ; 22.690,66 ; 27.552,28 ; 36.122,61 ; 42.946,64 ; 45.709,41 ; 55.585,19 ; 37.907,10 ; 39.212,27 ; 49.169,61 ; 52.155,22 ; 49.651,04 ; 44.368,78 ; 29.882,21 ; 27.323,69 ; 29.047,65 ; 32.067,96 ; 31.707,87 ; 25.236,08 ; 34.043,54 ; 40.077,24 ; 33.729,80 
Saudi Arabia;SAU; 11.730,27 ; 10.884,86 ; 10.601,92 ; 10.786,40 ; 11.471,50 ; 11.545,35 ; 9.836,06 ; 10.452,19 ; 11.714,56 ; 10.805,31 ; 10.586,05 ; 11.487,22 ; 13.154,50 ; 15.975,75 ; 17.563,61 ; 18.596,15 ; 22.320,49 ; 17.718,39 ; 22.028,38 ; 26.966,29 ; 28.348,57 ; 27.290,20 ; 27.079,67 ; 22.453,57 ; 21.515,66 ; 23.081,20 ; 28.036,03 ; 27.892,84 ; 23.271,40 ; 28.396,09 ; 34.454,20 ; 32.093,96 
United Arab Emirates;ARE; 25.648,27 ; 25.032,78 ; 25.472,64 ; 27.003,20 ; 28.323,17 ; 27.982,80 ; 24.889,43 ; 25.855,86 ; 29.865,50 ; 27.745,17 ; 27.753,61 ; 29.659,54 ; 33.376,72 ; 38.719,31 ; 44.342,60 ; 45.854,73 ; 50.054,17 ; 37.803,07 ; 43.696,67 ; 50.789,05 ; 52.034,48 ; 52.023,52 ; 51.381,41 ; 43.535,00 ; 41.326,40 ; 42.340,59 ; 45.689,86 ; 44.251,45 ; 37.173,88 ; 43.360,02 ; 49.899,07 ; 49.040,69 
Armenia;ARM; 356,35 ; 347,87 ; 390,88 ; 443,92 ; 487,07 ; 505,04 ; 590,24 ; 582,67 ; 593,45 ; 659,59 ; 742,65 ; 882,03 ; 1.130,09 ; 1.557,48 ; 2.041,65 ; 2.962,70 ; 3.777,67 ; 2.820,59 ; 3.041,34 ; 3.349,55 ; 3.511,56 ; 3.680,17 ; 3.852,12 ; 3.512,39 ; 3.524,42 ; 3.869,05 ; 4.196,01 ; 4.597,23 ; 4.268,68 ; 4.685,18 ; 6.571,97 ; 8.053,01 
Serbia;SRB; 3.514,00 ; 2.516,00 ; 2.662,00 ; 2.349,41 ; 3.053,91 ; 3.573,50 ; 2.775,47 ; 2.768,91 ; 974,73 ; 1.812,42 ; 2.390,73 ; 3.153,90 ; 3.597,09 ; 3.807,97 ; 4.492,71 ; 6.081,09 ; 7.376,74 ; 6.414,04 ; 5.970,93 ; 7.082,29 ; 6.263,04 ; 7.040,42 ; 6.886,68 ; 5.820,32 ; 5.982,37 ; 6.548,04 ; 7.559,86 ; 7.755,63 ; 8.098,71 ; 9.680,53 ; 10.022,97 ; 12.281,51 
Niger;NER; 384,03 ; 335,43 ; 206,21 ; 237,02 ; 239,49 ; 220,56 ; 246,09 ; 228,27 ; 194,77 ; 205,42 ; 225,29 ; 265,23 ; 283,47 ; 318,64 ; 333,35 ; 387,17 ; 475,04 ; 461,13 ; 474,43 ; 510,76 ; 528,51 ; 552,10 ; 565,31 ; 485,66 ; 502,71 ; 521,80 ; 578,57 ; 561,69 ; 579,51 ; 608,72 ; 609,75 ; 642,94 
Croatia;HRV; 2.321,15 ; 2.447,50 ; 3.237,93 ; 4.929,06 ; 5.299,64 ; 5.331,02 ; 5.712,59 ; 5.269,03 ; 4.953,65 ; 5.364,84 ; 6.219,58 ; 8.190,11 ; 9.718,97 ; 10.443,53 ; 11.502,75 ; 13.757,61 ; 15.889,43 ; 14.475,96 ; 13.731,29 ; 14.695,00 ; 13.508,68 ; 14.136,40 ; 14.187,97 ; 12.285,30 ; 12.821,17 ; 13.902,63 ; 15.460,42 ; 15.563,82 ; 14.808,46 ; 17.789,93 ; 18.466,10 ; 21.865,46 
Algeria;DZA; 1.802,69 ; 1.831,05 ; 1.525,54 ; 1.466,95 ; 1.616,83 ; 1.628,76 ; 1.603,37 ; 1.596,12 ; 1.772,93 ; 1.896,30 ; 1.937,46 ; 2.283,77 ; 2.816,99 ; 3.233,13 ; 3.660,66 ; 4.167,45 ; 5.180,92 ; 4.235,43 ; 4.912,79 ; 5.916,31 ; 6.033,65 ; 5.979,60 ; 6.094,69 ; 4.685,06 ; 4.424,99 ; 4.554,67 ; 4.577,21 ; 4.468,45 ; 3.743,54 ; 4.160,56 ; 4.961,55 ; 5.364,03 
Austria;AUT; 24.782,71 ; 23.987,20 ; 25.546,25 ; 30.207,07 ; 29.645,95 ; 26.571,75 ; 27.212,46 ; 27.078,71 ; 24.487,30 ; 24.430,50 ; 26.334,86 ; 32.110,12 ; 36.614,25 ; 38.157,37 ; 40.382,21 ; 46.622,96 ; 51.581,40 ; 47.857,44 ; 46.611,14 ; 51.116,90 ; 48.250,41 ; 50.305,35 ; 51.314,97 ; 43.915,23 ; 45.061,50 ; 47.163,74 ; 51.194,07 ; 49.885,99 ; 48.716,41 ; 53.648,72 ; 52.176,66 ; 56.033,57 
Jamaica;JAM; 1.458,10 ; 2.220,52 ; 2.202,86 ; 2.630,85 ; 2.928,90 ; 3.296,92 ; 3.419,49 ; 3.431,57 ; 3.453,09 ; 3.503,55 ; 3.680,65 ; 3.549,71 ; 3.807,56 ; 4.184,44 ; 4.417,00 ; 4.716,49 ; 5.029,80 ; 4.428,38 ; 4.809,98 ; 5.232,64 ; 5.340,83 ; 5.124,21 ; 4.975,11 ; 5.062,90 ; 5.009,79 ; 5.259,31 ; 5.578,10 ; 5.607,24 ; 4.879,44 ; 5.165,34 ; 6.022,15 ; 6.839,73 
Trinidad;TTO; 4.277,47 ; 3.646,71 ; 3.839,96 ; 4.114,69 ; 4.427,28 ; 4.393,94 ; 4.612,71 ; 5.179,08 ; 6.178,59 ; 6.657,41 ; 6.762,93 ; 8.445,05 ; 9.871,03 ; 12.346,44 ; 14.152,66 ; 16.606,68 ; 21.298,99 ; 14.634,06 ; 16.815,42 ; 19.151,09 ; 20.472,36 ; 21.416,37 ; 22.074,43 ; 20.024,75 ; 17.521,80 ; 17.720,50 ; 18.076,36 ; 17.431,03 ; 15.224,51 ; 17.912,51 ; 22.004,20 ; 20.016,15 
Chile;CHL; 3.309,40 ; 3.494,99 ; 3.981,39 ; 5.055,61 ; 5.333,50 ; 5.741,96 ; 5.419,82 ; 4.933,56 ; 5.052,99 ; 4.563,60 ; 4.430,85 ; 4.773,40 ; 6.120,59 ; 7.480,32 ; 9.318,66 ; 10.346,41 ; 10.683,22 ; 10.098,80 ; 12.632,87 ; 14.487,39 ; 15.241,91 ; 15.683,55 ; 14.529,68 ; 13.433,92 ; 13.649,85 ; 14.879,91 ; 15.659,48 ; 14.495,72 ; 13.114,82 ; 16.216,57 ; 15.451,13 ; 17.067,81 
Colombia;COL; 1.729,66 ; 1.930,06 ; 2.325,98 ; 2.583,35 ; 2.664,46 ; 2.873,20 ; 2.606,00 ; 2.243,64 ; 2.555,01 ; 2.472,99 ; 2.428,93 ; 2.311,94 ; 2.818,57 ; 3.456,07 ; 3.789,85 ; 4.769,93 ; 5.541,84 ; 5.250,97 ; 6.398,30 ; 7.400,99 ; 8.108,60 ; 8.279,10 ; 8.187,21 ; 6.248,51 ; 5.959,84 ; 6.479,53 ; 6.816,97 ; 6.472,55 ; 5.339,69 ; 6.222,62 ; 6.674,60 ; 6.947,36 
Botswana;BWA; 3.004,61 ; 2.929,43 ; 2.917,26 ; 3.156,18 ; 3.156,27 ; 3.194,18 ; 2.981,20 ; 3.340,00 ; 3.450,81 ; 3.206,07 ; 3.117,25 ; 4.230,12 ; 4.956,69 ; 5.391,07 ; 5.291,58 ; 5.529,13 ; 5.503,07 ; 5.082,93 ; 6.215,73 ; 7.287,38 ; 6.595,54 ; 6.666,91 ; 7.122,36 ; 6.141,20 ; 6.749,06 ; 7.104,96 ; 7.407,96 ; 7.172,09 ; 6.323,31 ; 7.808,21 ; 8.329,04 ; 7.820,23 
Tunisia;TUN; 1.784,82 ; 1.649,19 ; 1.733,47 ; 1.968,17 ; 2.107,41 ; 2.202,06 ; 2.285,02 ; 2.376,07 ; 2.199,04 ; 2.235,72 ; 2.320,77 ; 2.725,86 ; 3.067,42 ; 3.146,83 ; 3.322,57 ; 3.726,92 ; 4.255,05 ; 4.080,09 ; 4.291,86 ; 4.420,65 ; 4.297,27 ; 4.369,79 ; 4.458,98 ; 4.014,95 ; 3.847,80 ; 3.619,03 ; 3.628,10 ; 3.528,87 ; 3.548,65 ; 3.885,28 ; 3.678,40 ; 3.977,70 
South Korea;KOR; 8.126,66 ; 8.884,92 ; 10.385,39 ; 12.564,72 ; 13.402,99 ; 12.398,49 ; 8.281,72 ; 10.672,45 ; 12.257,02 ; 11.561,21 ; 13.165,08 ; 14.672,81 ; 16.496,13 ; 19.402,50 ; 21.743,48 ; 24.086,41 ; 21.350,43 ; 19.143,85 ; 23.079,26 ; 25.097,60 ; 25.459,17 ; 27.179,52 ; 29.252,93 ; 28.737,44 ; 29.280,44 ; 31.600,74 ; 33.447,16 ; 31.902,42 ; 31.721,30 ; 35.125,52 ; 32.394,68 ; 33.121,37 
China;CHN; 366,46 ; 377,39 ; 473,49 ; 609,60 ; 709,42 ; 781,74 ; 828,59 ; 873,29 ; 959,36 ; 1.053,11 ; 1.148,51 ; 1.288,64 ; 1.508,67 ; 1.753,41 ; 2.099,22 ; 2.693,96 ; 3.468,33 ; 3.832,23 ; 4.550,47 ; 5.614,39 ; 6.300,58 ; 7.020,39 ; 7.636,07 ; 8.016,45 ; 8.094,39 ; 8.817,05 ; 9.905,41 ; 10.143,86 ; 10.408,72 ; 12.617,51 ; 12.662,58 ; 12.614,06 
Denmark;DNK; 29.579,49 ; 27.581,72 ; 29.967,83 ; 35.321,10 ; 35.621,99 ; 32.779,88 ; 33.346,49 ; 33.426,24 ; 30.722,03 ; 30.768,48 ; 33.257,16 ; 40.519,10 ; 46.625,05 ; 48.925,81 ; 52.119,18 ; 58.631,66 ; 64.616,67 ; 58.412,75 ; 58.104,54 ; 61.809,74 ; 58.443,77 ; 61.377,59 ; 62.520,45 ; 53.094,01 ; 54.500,93 ; 57.521,55 ; 61.324,77 ; 59.404,27 ; 60.985,49 ; 69.727,99 ; 68.091,32 ; 68.453,88 
Poland;POL; 2.459,02 ; 2.497,13 ; 2.874,83 ; 3.700,96 ; 4.163,51 ; 4.137,01 ; 4.533,54 ; 4.415,50 ; 4.520,64 ; 5.015,24 ; 5.223,45 ; 5.720,81 ; 6.711,73 ; 8.043,92 ; 9.068,86 ; 11.272,53 ; 14.048,56 ; 11.556,30 ; 12.567,73 ; 13.867,67 ; 13.087,42 ; 13.621,90 ; 14.262,28 ; 12.637,52 ; 12.464,01 ; 13.913,34 ; 15.658,21 ; 15.874,52 ; 15.987,58 ; 18.635,51 ; 18.891,21 ; 22.056,67 
Switzerland;CHE; 40.713,69 ; 39.237,12 ; 43.091,78 ; 50.113,83 ; 48.092,64 ; 41.584,44 ; 42.680,59 ; 41.695,69 ; 38.865,02 ; 39.638,79 ; 42.458,74 ; 49.335,75 ; 54.659,46 ; 56.242,89 ; 59.011,03 ; 64.989,16 ; 74.175,19 ; 71.568,31 ; 76.531,37 ; 90.476,76 ; 85.836,21 ; 87.304,33 ; 88.724,99 ; 83.806,45 ; 82.153,07 ; 82.254,38 ; 85.217,37 ; 84.121,93 ; 85.897,78 ; 93.446,43 ; 93.245,80 ; 99.564,71 
Mexico;MEX; 4.220,57 ; 6.048,35 ; 6.202,37 ; 4.183,88 ; 4.674,37 ; 5.567,36 ; 5.832,69 ; 6.499,97 ; 7.524,03 ; 7.952,76 ; 7.983,03 ; 7.434,07 ; 7.849,67 ; 8.671,76 ; 9.512,64 ; 10.134,33 ; 10.523,77 ; 8.423,57 ; 9.728,80 ; 10.664,49 ; 10.744,13 ; 11.216,80 ; 11.391,38 ; 10.021,24 ; 9.097,92 ; 9.649,28 ; 10.084,79 ; 10.369,56 ; 8.841,27 ; 10.314,05 ; 11.385,41 ; 13.790,02 
Kazakhstan;KAZ; 1.437,60 ; 1.355,13 ; 1.246,84 ; 1.217,79 ; 1.281,39 ; 1.381,64 ; 1.414,59 ; 1.091,55 ; 1.180,04 ; 1.422,27 ; 1.573,55 ; 1.958,02 ; 2.722,47 ; 3.577,36 ; 5.030,13 ; 6.449,44 ; 8.123,55 ; 6.938,01 ; 8.793,08 ; 11.287,15 ; 12.018,80 ; 13.478,46 ; 12.427,71 ; 10.196,12 ; 7.475,57 ; 8.943,08 ; 9.472,49 ; 9.457,13 ; 8.781,51 ; 9.983,60 ; 11.255,34 ; 12.918,87 
Georgia;GEO; 757,22 ; 550,02 ; 519,82 ; 578,34 ; 689,03 ; 807,03 ; 851,52 ; 673,54 ; 749,91 ; 801,98 ; 853,53 ; 1.010,03 ; 1.305,05 ; 1.642,78 ; 1.996,02 ; 2.635,37 ; 3.324,75 ; 2.822,69 ; 3.281,73 ; 4.119,67 ; 4.530,70 ; 4.712,00 ; 4.830,33 ; 4.086,62 ; 4.143,40 ; 4.418,75 ; 4.804,05 ; 4.741,28 ; 4.300,86 ; 5.083,61 ; 6.729,85 ; 8.283,67 
Finland;FIN; 22.320,11 ; 17.588,68 ; 20.278,29 ; 26.246,27 ; 25.756,68 ; 24.682,29 ; 25.999,99 ; 26.180,41 ; 24.335,92 ; 24.965,20 ; 26.989,39 ; 32.920,09 ; 37.768,13 ; 39.049,87 ; 41.214,02 ; 48.473,02 ; 53.769,47 ; 47.478,35 ; 46.506,29 ; 51.060,32 ; 47.551,67 ; 49.691,01 ; 50.073,78 ; 42.560,35 ; 43.451,26 ; 46.085,02 ; 49.654,25 ; 48.358,18 ; 48.828,68 ; 53.099,14 ; 50.438,48 ; 52.925,69 
Iceland;ISL; 27.124,27 ; 23.579,80 ; 24.018,63 ; 26.633,59 ; 27.614,88 ; 27.919,19 ; 31.030,05 ; 32.381,63 ; 32.096,37 ; 28.897,44 ; 32.409,22 ; 39.476,70 ; 47.334,93 ; 56.794,85 ; 57.492,93 ; 69.495,73 ; 56.943,37 ; 41.301,27 ; 43.237,07 ; 47.714,59 ; 45.995,55 ; 49.804,98 ; 54.576,74 ; 52.951,68 ; 61.987,93 ; 72.010,15 ; 74.452,19 ; 68.452,24 ; 59.023,57 ; 69.325,91 ; 75.314,09 ; 79.636,95 
Malaysia;MYS; 3.141,43 ; 3.462,00 ; 3.757,65 ; 4.363,14 ; 4.837,17 ; 4.678,56 ; 3.294,31 ; 3.527,82 ; 4.083,53 ; 3.943,80 ; 4.184,03 ; 4.465,32 ; 4.939,25 ; 5.555,58 ; 6.158,41 ; 7.168,93 ; 8.371,82 ; 7.191,43 ; 8.899,35 ; 10.217,11 ; 10.600,57 ; 10.713,64 ; 11.013,31 ; 9.648,68 ; 9.476,53 ; 9.862,55 ; 10.901,80 ; 10.920,19 ; 9.957,53 ; 10.903,11 ; 11.748,09 ; 11.379,09 
Czech Republic;CZE; 3.396,71 ; 3.984,15 ; 4.663,29 ; 5.865,29 ; 6.573,20 ; 6.069,39 ; 6.526,60 ; 6.377,62 ; 6.062,92 ; 6.669,07 ; 8.101,26 ; 9.852,46 ; 11.782,55 ; 13.442,49 ; 15.259,08 ; 18.452,65 ; 22.774,70 ; 19.817,42 ; 20.160,44 ; 22.049,11 ; 20.014,04 ; 20.260,50 ; 20.038,42 ; 17.931,60 ; 18.753,97 ; 20.913,20 ; 23.705,93 ; 24.062,72 ; 23.472,89 ; 27.696,46 ; 28.282,22 ; 31.591,18 
Slovakia;SVK; 2.959,34 ; 3.143,10 ; 3.820,96 ; 4.882,51 ; 5.247,70 ; 5.172,42 ; 5.560,92 ; 5.651,62 ; 5.421,64 ; 5.712,48 ; 6.554,63 ; 8.675,40 ; 10.650,13 ; 11.641,54 ; 13.167,90 ; 16.110,48 ; 18.744,32 ; 16.586,75 ; 16.899,45 ; 18.469,44 ; 17.516,97 ; 18.312,78 ; 18.770,93 ; 16.442,08 ; 16.636,08 ; 17.645,53 ; 19.573,37 ; 19.406,06 ; 19.735,49 ; 22.138,19 ; 21.342,77 ; 24.491,38 
Bahamas;BHS; 10.873,40 ; 10.613,07 ; 10.991,23 ; 11.374,61 ; 11.783,80 ; 20.367,57 ; 21.667,45 ; 24.041,09 ; 24.940,08 ; 25.371,92 ; 26.781,62 ; 26.429,12 ; 26.650,29 ; 28.602,42 ; 29.184,79 ; 30.051,85 ; 29.392,38 ; 27.512,91 ; 27.473,10 ; 27.090,84 ; 28.552,02 ; 27.432,95 ; 28.705,62 ; 30.289,40 ; 30.266,59 ; 31.337,18 ; 32.124,41 ; 32.979,54 ; 25.155,67 ; 28.682,33 ; 33.044,39 ; 35.896,51 
Paraguay;PRY; 1.682,67 ; 1.661,71 ; 1.760,29 ; 1.978,72 ; 2.088,17 ; 2.078,51 ; 1.889,88 ; 1.766,31 ; 1.736,12 ; 1.637,69 ; 1.367,77 ; 1.444,00 ; 1.786,22 ; 1.970,87 ; 2.439,43 ; 3.211,94 ; 4.384,95 ; 3.941,85 ; 4.750,96 ; 5.805,40 ; 5.642,17 ; 6.435,68 ; 6.652,25 ; 5.879,34 ; 5.775,16 ; 6.152,27 ; 6.258,45 ; 5.821,18 ; 5.365,47 ; 5.976,93 ; 6.205,63 ; 6.276,35 
Ireland;IRL; 15.714,38 ; 14.657,06 ; 15.902,93 ; 19.158,46 ; 20.835,90 ; 22.551,11 ; 24.294,85 ; 26.338,11 ; 26.334,57 ; 28.282,41 ; 32.705,43 ; 41.203,53 ; 47.754,20 ; 50.933,02 ; 54.329,16 ; 61.396,42 ; 61.353,11 ; 52.133,09 ; 48.679,40 ; 52.692,78 ; 49.411,74 ; 52.619,21 ; 57.278,26 ; 64.311,82 ; 64.292,66 ; 72.499,33 ; 81.248,31 ; 82.508,47 ; 87.567,11 ; 105.561,14 ; 106.194,76 ; 103.887,80 
Portugal;PRT; 10.810,57 ; 9.534,66 ; 9.977,32 ; 11.781,36 ; 12.185,09 ; 11.575,51 ; 12.199,21 ; 12.475,29 ; 11.526,37 ; 11.734,76 ; 12.936,69 ; 15.797,78 ; 18.064,16 ; 18.780,13 ; 19.839,45 ; 22.811,06 ; 24.949,04 ; 23.151,22 ; 22.551,94 ; 23.246,54 ; 20.593,43 ; 21.676,49 ; 22.120,69 ; 19.215,78 ; 19.980,28 ; 21.442,38 ; 23.541,14 ; 23.343,36 ; 22.299,40 ; 24.711,45 ; 24.620,52 ; 27.331,21 
Guatemala;GTM; 1.096,46 ; 1.165,67 ; 1.292,67 ; 1.421,06 ; 1.481,06 ; 1.638,46 ; 1.741,20 ; 1.603,65 ; 1.648,97 ; 1.537,69 ; 1.669,34 ; 1.722,55 ; 1.840,91 ; 2.046,47 ; 2.225,12 ; 2.458,82 ; 2.763,06 ; 2.611,65 ; 2.805,26 ; 3.168,98 ; 3.286,62 ; 3.444,16 ; 3.689,14 ; 3.893,51 ; 4.060,14 ; 4.325,00 ; 4.352,95 ; 4.512,00 ; 4.477,62 ; 4.913,95 ; 5.358,09 ; 5.762,82 
Bulgaria;BGR; 1.211,98 ; 1.278,53 ; 1.148,49 ; 2.259,26 ; 1.470,19 ; 1.361,41 ; 1.820,45 ; 1.659,72 ; 1.621,26 ; 1.770,91 ; 2.092,98 ; 2.719,49 ; 3.389,69 ; 3.899,83 ; 4.523,15 ; 5.888,78 ; 7.271,30 ; 6.988,27 ; 6.863,67 ; 7.857,17 ; 7.430,74 ; 7.687,71 ; 7.912,27 ; 7.078,86 ; 7.570,93 ; 8.381,88 ; 9.436,14 ; 9.838,60 ; 10.198,54 ; 12.274,08 ; 13.644,20 ; 15.885,54 
Kyrgyzstan;KGZ; 512,77 ; 448,55 ; 372,48 ; 364,25 ; 394,86 ; 376,43 ; 345,14 ; 258,05 ; 279,62 ; 308,41 ; 321,73 ; 380,51 ; 433,23 ; 476,55 ; 543,11 ; 721,77 ; 966,39 ; 870,20 ; 876,95 ; 1.117,40 ; 1.168,62 ; 1.269,66 ; 1.264,53 ; 1.105,65 ; 1.103,27 ; 1.221,39 ; 1.283,52 ; 1.422,00 ; 1.229,52 ; 1.350,00 ; 1.739,72 ; 1.970,16 
Morocco;MAR; 1.327,03 ; 1.226,43 ; 1.358,79 ; 1.466,79 ; 1.596,83 ; 1.426,30 ; 1.668,50 ; 1.635,66 ; 1.499,11 ; 1.506,25 ; 1.596,02 ; 1.941,87 ; 2.183,56 ; 2.242,99 ; 2.438,13 ; 2.755,59 ; 3.183,20 ; 3.119,59 ; 3.067,99 ; 3.301,99 ; 3.164,18 ; 3.379,74 ; 3.435,41 ; 3.146,25 ; 3.140,86 ; 3.296,53 ; 3.501,70 ; 3.508,10 ; 3.268,03 ; 3.785,94 ; 3.455,40 ; 3.771,45 
India;IND; 319,18 ; 302,88 ; 347,73 ; 375,18 ; 401,05 ; 416,23 ; 413,63 ; 441,93 ; 442,75 ; 450,36 ; 469,15 ; 544,14 ; 624,26 ; 710,49 ; 801,67 ; 1.021,89 ; 992,52 ; 1.094,95 ; 1.347,52 ; 1.445,46 ; 1.429,32 ; 1.432,84 ; 1.553,88 ; 1.584,00 ; 1.707,51 ; 1.950,10 ; 1.966,25 ; 2.041,43 ; 1.907,04 ; 2.239,61 ; 2.352,61 ; 2.480,79 
Kenya;KEN; 336,68 ; 229,00 ; 276,45 ; 340,06 ; 440,53 ; 466,72 ; 487,88 ; 433,72 ; 414,63 ; 410,70 ; 402,94 ; 442,90 ; 463,66 ; 523,46 ; 699,80 ; 840,20 ; 915,54 ; 1.047,97 ; 1.091,52 ; 1.096,14 ; 1.285,01 ; 1.370,88 ; 1.482,82 ; 1.489,12 ; 1.554,13 ; 1.667,48 ; 1.836,45 ; 1.960,41 ; 1.927,66 ; 2.061,36 ; 2.109,56 ; 1.952,30 
Belgium;BEL; 23.372,62 ; 22.283,94 ; 24.208,55 ; 28.413,83 ; 27.489,56 ; 24.820,94 ; 25.338,44 ; 25.252,80 ; 23.098,89 ; 23.015,07 ; 25.006,19 ; 30.655,21 ; 35.429,41 ; 36.809,70 ; 38.705,11 ; 44.319,17 ; 48.303,40 ; 44.923,34 ; 44.197,39 ; 47.760,83 ; 44.874,17 ; 46.964,59 ; 47.995,78 ; 40.893,80 ; 41.854,55 ; 44.035,32 ; 47.487,21 ; 46.716,62 ; 45.906,29 ; 51.655,79 ; 50.807,20 ; 54.700,91 
Thailand;THA; 1.971,61 ; 2.245,14 ; 2.517,71 ; 2.864,37 ; 3.054,66 ; 2.473,14 ; 1.847,70 ; 2.033,24 ; 2.005,98 ; 1.889,93 ; 2.089,75 ; 2.347,54 ; 2.641,56 ; 2.867,70 ; 3.331,32 ; 3.918,53 ; 4.309,14 ; 4.135,44 ; 4.973,86 ; 5.373,62 ; 5.725,53 ; 6.018,08 ; 5.801,20 ; 5.688,85 ; 5.833,58 ; 6.413,09 ; 7.099,78 ; 7.605,70 ; 6.985,64 ; 7.058,07 ; 6.909,36 ; 7.182,03 
Togo;TGO; 564,72 ; 414,01 ; 328,60 ; 419,22 ; 452,07 ; 448,00 ; 461,16 ; 445,29 ; 409,89 ; 396,69 ; 445,24 ; 538,17 ; 560,27 ; 551,26 ; 552,50 ; 607,59 ; 718,95 ; 720,69 ; 704,99 ; 783,99 ; 762,39 ; 826,54 ; 855,59 ; 751,05 ; 772,58 ; 792,77 ; 851,13 ; 826,26 ; 853,58 ; 939,61 ; 898,76 ; 985,70 
Estonia;EST; 2.849,34 ; 2.685,91 ; 2.819,13 ; 3.134,39 ; 3.380,93 ; 3.682,95 ; 4.093,39 ; 4.140,94 ; 4.070,61 ; 4.502,67 ; 5.343,18 ; 7.205,41 ; 8.916,07 ; 10.414,64 ; 12.641,48 ; 16.745,43 ; 18.205,91 ; 14.712,45 ; 14.663,70 ; 17.555,55 ; 17.568,21 ; 19.310,39 ; 20.581,79 ; 17.722,16 ; 18.666,37 ; 20.851,52 ; 23.618,14 ; 24.021,25 ; 23.933,99 ; 27.953,77 ; 28.451,15 ; 30.133,30 
Slovenia;SVN; 7.151,15 ; 7.254,59 ; 8.243,90 ; 10.738,09 ; 10.796,74 ; 10.436,73 ; 11.131,57 ; 11.401,49 ; 10.135,72 ; 10.375,63 ; 11.639,13 ; 14.711,67 ; 17.103,83 ; 17.969,71 ; 19.563,01 ; 23.725,16 ; 27.461,98 ; 24.501,79 ; 23.329,84 ; 24.940,63 ; 22.442,14 ; 23.236,97 ; 24.013,07 ; 20.697,27 ; 21.447,84 ; 23.303,08 ; 25.888,05 ; 25.814,17 ; 25.392,07 ; 29.187,37 ; 28.373,84 ; 32.610,11 
Venezuela;VEN; 2.907,30 ; 2.824,69 ; 2.688,98 ; 3.486,98 ; 3.112,83 ; 3.710,83 ; 3.869,98 ; 4.070,91 ; 4.776,28 ; 4.920,39 ; 3.652,10 ; 3.229,51 ; 4.269,09 ; 5.432,49 ; 6.739,38 ; 8.331,62 ; 11.262,45 ; 11.596,60 ; 13.646,30 ; 10.843,92 ; 12.901,42 ; 12.403,15 ; 15.943,61 ; 10.568,00 ; 7.813,00 ; 4.678,00 ; 3.374,00 ; 2.881,00 ; 1.541,00 ; 1.541,00 ; 1.627,00 ; 1.688,00 
Moldova;MDA; 778,02 ; 796,99 ; 573,80 ; 593,59 ; 575,15 ; 657,29 ; 578,73 ; 399,50 ; 440,54 ; 507,40 ; 570,80 ; 682,32 ; 897,18 ; 1.034,39 ; 1.183,02 ; 1.531,22 ; 2.110,55 ; 1.898,44 ; 2.436,80 ; 2.941,36 ; 3.044,81 ; 3.321,04 ; 3.289,96 ; 2.749,55 ; 2.847,09 ; 3.453,27 ; 4.156,45 ; 4.405,33 ; 4.375,78 ; 5.274,61 ; 5.738,42 ; 6.729,41 
Ivory Coast;CIV; 844,90 ; 804,15 ; 581,89 ; 740,47 ; 1.170,24 ; 1.124,66 ; 1.177,37 ; 1.096,14 ; 936,64 ; 924,73 ; 967,82 ; 1.111,17 ; 1.199,83 ; 1.197,75 ; 1.230,43 ; 1.367,54 ; 1.583,97 ; 1.540,45 ; 1.553,55 ; 1.596,63 ; 1.546,95 ; 1.786,16 ; 1.991,37 ; 1.814,72 ; 1.862,60 ; 1.964,30 ; 2.130,87 ; 2.141,77 ; 2.179,73 ; 2.455,98 ; 2.308,71 ; 2.530,85 
Zimbabwe;ZWE; 630,82 ; 604,39 ; 633,73 ; 647,98 ; 766,52 ; 750,19 ; 552,17 ; 582,00 ; 562,56 ; 566,11 ; 524,68 ; 468,23 ; 469,48 ; 461,03 ; 430,81 ; 413,30 ; 340,74 ; 735,44 ; 901,55 ; 1.037,25 ; 1.238,60 ; 1.362,30 ; 1.372,21 ; 1.386,42 ; 1.407,42 ; 3.448,08 ; 2.271,85 ; 1.684,03 ; 1.730,41 ; 1.724,39 ; 2.040,55 ; 2.156,03 
Puerto Rico;PRI; 9.659,34 ; 10.212,28 ; 10.876,42 ; 11.579,18 ; 12.173,16 ; 12.817,64 ; 14.304,40 ; 15.220,99 ; 16.192,13 ; 18.123,20 ; 18.731,46 ; 19.557,12 ; 20.988,99 ; 21.959,32 ; 22.935,94 ; 23.664,88 ; 24.898,33 ; 25.768,73 ; 26.435,75 ; 27.278,88 ; 27.944,73 ; 28.513,17 ; 28.981,46 ; 29.763,49 ; 30.627,16 ; 31.108,75 ; 31.615,07 ; 32.916,87 ; 31.427,43 ; 32.619,25 ; 35.268,08 ; 36.779,06 
Fiji;FJI; 1.951,26 ; 2.070,05 ; 2.297,18 ; 2.466,74 ; 2.648,33 ; 2.573,72 ; 2.010,50 ; 2.327,96 ; 1.995,72 ; 1.945,00 ; 2.136,57 ; 2.655,58 ; 3.097,19 ; 3.377,69 ; 3.455,11 ; 3.762,75 ; 3.899,92 ; 3.164,13 ; 3.449,14 ; 4.139,60 ; 4.341,40 ; 4.572,44 ; 5.293,36 ; 5.097,53 ; 5.363,79 ; 5.826,85 ; 6.085,42 ; 5.950,83 ; 4.844,42 ; 4.696,17 ; 5.405,03 ; 5.888,74 
Dominican Republic;DOM; 1.558,30 ; 1.722,42 ; 1.891,67 ; 2.109,17 ; 2.270,87 ; 2.448,89 ; 2.607,85 ; 2.620,89 ; 2.831,46 ; 2.935,89 ; 3.065,60 ; 2.383,26 ; 2.451,69 ; 3.878,31 ; 4.055,14 ; 4.649,65 ; 5.026,84 ; 4.977,80 ; 5.484,65 ; 5.834,71 ; 6.025,73 ; 6.149,03 ; 6.512,51 ; 6.819,93 ; 7.174,82 ; 7.499,69 ; 7.934,98 ; 8.164,22 ; 7.162,29 ; 8.472,48 ; 10.109,52 ; 10.717,63 
Philippines;PHL; 916,52 ; 918,64 ; 1.059,98 ; 1.199,84 ; 1.311,09 ; 1.273,28 ; 982,87 ; 1.101,44 ; 1.050,79 ; 969,53 ; 1.014,91 ; 1.027,23 ; 1.099,63 ; 1.220,46 ; 1.426,15 ; 1.712,66 ; 1.959,29 ; 1.864,45 ; 2.162,91 ; 2.383,92 ; 2.614,62 ; 2.781,28 ; 2.866,84 ; 2.909,86 ; 2.985,20 ; 3.038,12 ; 3.168,51 ; 3.400,79 ; 3.227,58 ; 3.484,39 ; 3.548,07 ; 3.804,87 
Mongolia;MNG; 607,81 ; 354,90 ; 422,86 ; 652,67 ; 595,58 ; 515,30 ; 483,88 ; 448,66 ; 476,03 ; 524,45 ; 570,25 ; 643,17 ; 794,15 ; 994,90 ; 1.329,89 ; 1.627,69 ; 2.127,43 ; 1.703,33 ; 2.625,22 ; 3.736,04 ; 4.328,89 ; 4.340,14 ; 4.126,24 ; 3.838,92 ; 3.619,90 ; 3.645,97 ; 4.107,64 ; 4.347,55 ; 4.001,25 ; 4.517,62 ; 4.993,51 ; 5.838,63 
Latvia;LVA; 633,89 ; 1.022,44 ; 1.725,07 ; 2.256,77 ; 2.360,17 ; 2.609,89 ; 2.893,80 ; 3.063,90 ; 3.278,18 ; 3.504,62 ; 4.003,61 ; 4.914,58 ; 6.109,73 ; 7.283,79 ; 9.211,74 ; 13.370,98 ; 15.677,61 ; 11.996,03 ; 11.188,42 ; 12.902,57 ; 13.329,35 ; 14.484,47 ; 15.185,81 ; 13.321,98 ; 13.838,53 ; 15.132,50 ; 17.252,17 ; 17.294,98 ; 17.564,23 ; 20.262,84 ; 20.229,46 ; 22.502,84 
Namibia;NAM; 2.346,86 ; 2.154,96 ; 2.355,90 ; 2.483,20 ; 2.423,40 ; 2.459,65 ; 2.235,25 ; 2.177,79 ; 2.156,68 ; 1.915,59 ; 1.772,08 ; 2.569,25 ; 3.403,15 ; 3.685,77 ; 4.017,18 ; 4.379,04 ; 4.204,79 ; 4.302,91 ; 5.418,22 ; 5.834,79 ; 5.942,65 ; 5.346,62 ; 5.378,32 ; 4.774,11 ; 4.395,69 ; 5.143,96 ; 5.308,61 ; 4.731,92 ; 3.878,59 ; 4.412,84 ; 4.349,05 ; 4.168,29 
Israel;ISR; 15.482,10 ; 15.151,54 ; 16.776,61 ; 18.991,47 ; 20.180,38 ; 20.432,84 ; 20.157,10 ; 19.782,29 ; 21.660,84 ; 20.907,11 ; 19.034,32 ; 19.629,41 ; 20.546,23 ; 21.226,72 ; 22.502,07 ; 25.635,93 ; 30.176,29 ; 28.381,64 ; 31.338,56 ; 34.433,82 ; 33.236,57 ; 36.929,60 ; 38.230,50 ; 36.123,99 ; 37.556,63 ; 40.997,91 ; 42.233,26 ; 44.140,83 ; 44.679,77 ; 52.255,62 ; 54.930,73 ; 52.642,43 
Vietnam;VNM; 144,55 ; 189,42 ; 229,86 ; 287,80 ; 337,05 ; 361,64 ; 361,35 ; 375,99 ; 404,03 ; 419,21 ; 445,13 ; 497,12 ; 565,45 ; 710,75 ; 807,76 ; 925,64 ; 1.163,83 ; 1.226,17 ; 1.683,16 ; 1.950,93 ; 2.185,12 ; 2.359,52 ; 2.546,38 ; 2.577,57 ; 2.735,06 ; 2.956,11 ; 3.222,31 ; 3.440,90 ; 3.534,04 ; 3.704,19 ; 4.116,39 ; 4.282,09 
Macedonia;MKD; 1.198,93 ; 1.336,65 ; 1.786,35 ; 2.355,25 ; 2.306,53 ; 1.959,56 ; 1.875,82 ; 1.915,39 ; 1.861,90 ; 1.823,02 ; 1.989,14 ; 2.445,36 ; 2.818,58 ; 3.120,98 ; 3.440,44 ; 4.204,11 ; 5.026,42 ; 4.799,79 ; 4.833,37 ; 5.416,87 ; 5.049,83 ; 5.626,26 ; 5.925,39 ; 5.262,69 ; 5.598,49 ; 5.955,30 ; 6.713,99 ; 6.718,86 ; 6.659,60 ; 7.620,80 ; 7.606,24 ; 8.624,29 
Sudan;SDN; 252,61 ; 312,69 ; 439,42 ; 462,59 ; 294,83 ; 373,09 ; 350,70 ; 324,66 ; 362,12 ; 451,29 ; 506,26 ; 580,32 ; 705,11 ; 905,54 ; 1.132,47 ; 1.444,37 ; 1.527,58 ; 1.178,22 ; 1.305,64 ; 1.332,66 ; 1.019,22 ; 1.138,63 ; 1.275,44 ; 1.292,38 ; 1.033,22 ; 966,51 ; 731,03 ; 709,98 ; 577,80 ; 712,12 ; 1.046,24 ; 2.183,44 
Bahrain;BHR; 10.460,16 ; 11.151,87 ; 11.629,36 ; 11.900,93 ; 12.091,78 ; 12.254,67 ; 11.625,03 ; 12.123,35 ; 14.214,48 ; 13.573,23 ; 13.501,47 ; 14.486,03 ; 15.963,95 ; 17.966,17 ; 19.267,28 ; 20.908,40 ; 23.299,50 ; 19.465,31 ; 21.819,33 ; 25.032,79 ; 26.438,67 ; 26.989,76 ; 26.451,80 ; 23.734,06 ; 23.800,00 ; 24.784,77 ; 26.324,41 ; 27.259,74 ; 24.342,84 ; 27.147,81 ; 30.616,26 ; 29.218,86 
Grenada;GRD; 3.052,70 ; 3.026,04 ; 3.152,20 ; 3.294,27 ; 3.508,29 ; 3.724,75 ; 4.206,28 ; 4.516,28 ; 4.839,83 ; 4.819,51 ; 4.984,47 ; 5.427,96 ; 5.480,26 ; 6.338,56 ; 6.344,04 ; 6.864,55 ; 7.448,20 ; 6.932,56 ; 6.909,60 ; 6.947,38 ; 7.092,72 ; 7.424,80 ; 7.986,33 ; 8.694,12 ; 9.221,23 ; 9.751,43 ; 10.083,02 ; 10.462,79 ; 8.968,56 ; 9.622,24 ; 10.474,27 ; 11.246,35 
Sri Lanka;LKA; 579,66 ; 607,23 ; 678,27 ; 741,84 ; 776,19 ; 827,04 ; 849,37 ; 826,42 ; 846,46 ; 803,54 ; 834,94 ; 946,38 ; 1.028,62 ; 1.207,22 ; 1.389,51 ; 1.578,63 ; 1.973,58 ; 2.026,66 ; 2.808,37 ; 3.224,96 ; 3.327,78 ; 3.740,62 ; 3.971,92 ; 4.060,13 ; 4.149,76 ; 4.401,06 ; 4.360,58 ; 4.082,69 ; 3.846,17 ; 3.999,34 ; 3.342,72 ; 3.827,96 
Mauritius;MUS; 3.013,24 ; 3.013,83 ; 3.240,39 ; 3.648,02 ; 3.951,94 ; 3.695,74 ; 3.641,62 ; 3.745,70 ; 3.981,98 ; 3.908,56 ; 4.073,06 ; 4.858,27 ; 5.460,61 ; 5.354,03 ; 5.695,98 ; 6.574,66 ; 8.030,05 ; 7.318,13 ; 8.000,38 ; 9.197,04 ; 9.291,24 ; 9.764,64 ; 10.366,36 ; 9.507,87 ; 9.965,73 ; 10.841,68 ; 11.643,46 ; 11.403,25 ; 9.011,04 ; 9.068,97 ; 10.239,80 ; 11.613,04 
Uganda;UGA; 152,11 ; 165,62 ; 198,44 ; 278,52 ; 284,70 ; 286,85 ; 292,45 ; 257,92 ; 258,05 ; 236,02 ; 241,98 ; 250,72 ; 292,38 ; 330,41 ; 346,52 ; 401,39 ; 472,84 ; 798,95 ; 823,49 ; 835,62 ; 795,22 ; 818,29 ; 896,05 ; 862,93 ; 752,70 ; 765,22 ; 792,17 ; 822,06 ; 845,77 ; 882,79 ; 963,07 ; 1.002,31 
Cyprus;CYP; 11.310,07 ; 10.526,14 ; 11.617,69 ; 15.261,42 ; 15.139,22 ; 14.234,24 ; 15.092,83 ; 15.287,92 ; 14.388,35 ; 14.821,45 ; 16.093,22 ; 20.252,25 ; 23.792,62 ; 24.959,26 ; 26.729,28 ; 31.244,88 ; 35.397,30 ; 32.236,45 ; 31.105,03 ; 32.485,80 ; 28.991,94 ; 27.797,46 ; 27.244,35 ; 23.487,23 ; 24.715,15 ; 26.696,99 ; 29.599,99 ; 29.703,05 ; 28.649,02 ; 33.734,29 ; 33.938,95 ; 36.551,42 
Zambia;ZMB; 389,25 ; 390,92 ; 426,39 ; 433,31 ; 399,51 ; 465,87 ; 373,08 ; 349,52 ; 359,43 ; 396,55 ; 393,86 ; 446,29 ; 548,69 ; 710,98 ; 1.051,72 ; 1.118,73 ; 1.375,50 ; 1.136,24 ; 1.451,11 ; 1.624,87 ; 1.710,05 ; 1.820,72 ; 1.707,49 ; 1.295,88 ; 1.239,09 ; 1.483,47 ; 1.463,90 ; 1.258,99 ; 951,64 ; 1.127,16 ; 1.447,12 ; 1.330,73 
Mozambique;MOZ; 205,59 ; 205,19 ; 196,76 ; 191,83 ; 244,36 ; 287,53 ; 320,13 ; 354,41 ; 327,13 ; 304,79 ; 313,89 ; 339,49 ; 400,06 ; 436,77 ; 457,49 ; 507,87 ; 592,16 ; 547,70 ; 496,19 ; 618,18 ; 685,69 ; 686,51 ; 697,14 ; 610,56 ; 441,49 ; 470,94 ; 517,51 ; 519,09 ; 462,43 ; 509,91 ; 578,25 ; 622,99 
Afghanistan;AFG; 262,00 ; 178,00 ; 130,00 ; 190,00 ; 176,00 ; 163,00 ; 152,00 ; 137,00 ; 174,93 ; 138,71 ; 178,95 ; 198,87 ; 221,76 ; 254,18 ; 274,22 ; 376,22 ; 381,73 ; 452,05 ; 560,62 ; 606,69 ; 651,42 ; 637,09 ; 625,05 ; 565,57 ; 522,08 ; 525,47 ; 491,34 ; 496,60 ; 510,79 ; 356,50 ; 357,26 ; 415,71 
Burundi;BDI; 184,87 ; 165,34 ; 161,89 ; 164,92 ; 143,16 ; 160,28 ; 144,46 ; 127,51 ; 134,54 ; 132,16 ; 120,95 ; 111,41 ; 125,19 ; 147,23 ; 161,89 ; 166,16 ; 189,50 ; 199,10 ; 216,73 ; 230,07 ; 231,69 ; 234,84 ; 250,54 ; 280,97 ; 235,29 ; 236,69 ; 224,90 ; 210,24 ; 210,01 ; 214,09 ; 250,63 ; 193,01 
Gabon;GAB; 5.385,69 ; 4.105,99 ; 3.828,21 ; 4.414,88 ; 4.942,68 ; 4.508,75 ; 3.700,00 ; 3.751,35 ; 3.982,91 ; 3.835,76 ; 3.966,48 ; 4.710,75 ; 5.465,79 ; 6.547,88 ; 6.847,01 ; 8.003,54 ; 9.688,65 ; 7.290,58 ; 8.356,75 ; 10.219,11 ; 9.296,97 ; 9.197,70 ; 9.201,36 ; 7.047,13 ; 6.677,07 ; 6.921,73 ; 7.624,28 ; 7.441,18 ; 6.605,80 ; 8.181,41 ; 8.409,21 ; 7.802,84 
Ecuador;ECU; 1.655,45 ; 1.697,89 ; 1.996,86 ; 2.108,01 ; 2.135,85 ; 2.340,77 ; 2.284,02 ; 1.575,30 ; 1.382,23 ; 1.791,30 ; 2.059,16 ; 2.315,62 ; 2.586,21 ; 2.909,03 ; 3.243,67 ; 3.478,92 ; 4.194,76 ; 4.053,36 ; 4.520,31 ; 5.153,69 ; 5.634,08 ; 6.109,29 ; 6.405,80 ; 5.976,16 ; 5.917,64 ; 6.233,32 ; 6.303,92 ; 6.205,06 ; 5.463,65 ; 6.075,80 ; 6.541,00 ; 6.609,80 
Costa Rica;CRI; 2.612,39 ; 2.840,39 ; 3.039,56 ; 3.275,25 ; 3.226,96 ; 3.407,78 ; 3.617,46 ; 3.690,96 ; 3.812,75 ; 3.985,13 ; 4.067,72 ; 4.173,15 ; 4.431,01 ; 4.703,01 ; 5.256,60 ; 6.137,71 ; 6.937,24 ; 6.832,70 ; 8.265,79 ; 9.276,39 ; 10.127,00 ; 10.803,24 ; 10.911,50 ; 11.714,71 ; 12.091,03 ; 12.317,09 ; 12.590,25 ; 12.884,69 ; 12.394,05 ; 12.838,12 ; 13.625,90 ; 16.942,03 
Panama;PAN; 3.139,90 ; 3.358,41 ; 3.508,20 ; 3.513,90 ; 3.308,18 ; 3.545,98 ; 3.807,84 ; 3.950,34 ; 3.975,09 ; 3.991,78 ; 4.090,59 ; 4.264,66 ; 4.644,57 ; 5.017,74 ; 5.528,77 ; 6.317,82 ; 7.347,59 ; 7.796,93 ; 8.331,46 ; 9.662,30 ; 11.064,81 ; 12.273,32 ; 13.213,20 ; 14.082,65 ; 14.832,36 ; 15.694,63 ; 16.151,33 ; 16.477,91 ; 13.290,56 ; 15.509,81 ; 17.332,44 ; 18.686,41 
Eritrea;ERI; 265,24 ; 252,09 ; 277,80 ; 285,40 ; 325,84 ; 318,98 ; 341,92 ; 311,34 ; 314,36 ; 325,41 ; 304,78 ; 348,95 ; 426,84 ; 412,75 ; 448,00 ; 480,45 ; 490,07 ; 642,93 ; 539,70 ; 688,68 ; 693,80 ; 596,75 ; 786,54 ; 603,19 ; 655,42 ; 557,86 ; 580,84 ; 566,73 ; 595,66 ; 614,26 ; 650,82 ; 715,10 
Barbados;BRB; 7.519,20 ; 7.904,71 ; 8.223,17 ; 8.460,47 ; 9.011,78 ; 9.521,57 ; 10.734,36 ; 11.244,31 ; 11.674,67 ; 11.639,52 ; 11.760,45 ; 12.075,96 ; 12.886,37 ; 14.214,42 ; 15.619,60 ; 17.235,44 ; 17.565,69 ; 16.294,91 ; 18.860,38 ; 19.346,00 ; 19.034,07 ; 19.308,01 ; 19.277,94 ; 18.954,29 ; 19.065,81 ; 19.692,76 ; 20.055,92 ; 20.583,73 ; 18.347,11 ; 18.696,79 ; 22.164,03 ; 23.804,02 
Tonga;TON; 1.370,36 ; 1.383,47 ; 1.956,66 ; 2.084,03 ; 2.214,91 ; 2.135,52 ; 1.888,83 ; 1.952,15 ; 1.995,08 ; 1.753,52 ; 1.759,48 ; 1.936,04 ; 2.195,45 ; 2.477,73 ; 2.750,35 ; 2.797,07 ; 3.218,45 ; 2.914,24 ; 3.416,08 ; 3.849,99 ; 4.384,17 ; 4.219,25 ; 4.136,59 ; 4.123,90 ; 3.987,99 ; 4.365,93 ; 4.638,90 ; 4.676,85 ; 4.700,45 ; 4.912,58 ; 4.933,07 ; 5.218,58 
Uruguay;URY; 4.101,71 ; 4.753,01 ; 5.507,56 ; 6.050,49 ; 6.398,44 ; 7.436,29 ; 7.836,89 ; 7.370,57 ; 6.987,70 ; 6.382,76 ; 4.149,76 ; 3.671,12 ; 4.168,66 ; 5.284,26 ; 6.001,33 ; 7.222,05 ; 9.423,97 ; 9.881,40 ; 12.641,06 ; 15.132,27 ; 16.259,59 ; 18.335,26 ; 18.322,43 ; 17.125,90 ; 17.009,76 ; 19.184,66 ; 19.249,94 ; 18.315,74 ; 15.789,69 ; 17.888,21 ; 20.691,97 ; 22.797,81 
Taiwan;TPE; 10.715,54 ; 11.256,71 ; 12.099,75 ; 13.066,13 ; 13.588,31 ; 13.948,72 ; 12.767,08 ; 13.752,72 ; 14.844,24 ; 13.357,20 ; 13.651,36 ; 14.040,60 ; 15.290,31 ; 16.427,46 ; 16.892,88 ; 17.723,70 ; 18.053,59 ; 16.904,54 ; 19.181,36 ; 20.838,59 ; 21.256,36 ; 21.945,46 ; 22.844,32 ; 22.752,99 ; 23.070,73 ; 25.061,62 ; 25.825,57 ; 25.903,17 ; 28.571,44 ; 33.070,70 ; 32.609,60 ; 32.404,32 
Aruba;ARU; 13.892,61 ; 14.700,96 ; 16.055,29 ; 16.548,72 ; 16.620,95 ; 17.750,01 ; 18.828,09 ; 19.216,20 ; 20.681,02 ; 20.740,13 ; 21.307,25 ; 21.949,49 ; 23.700,63 ; 24.171,84 ; 24.845,66 ; 26.736,31 ; 28.171,91 ; 25.134,77 ; 24.093,14 ; 25.712,38 ; 25.119,67 ; 25.813,58 ; 26.129,84 ; 27.458,23 ; 27.441,53 ; 28.440,05 ; 30.082,13 ; 31.096,21 ; 22.855,93 ; 27.200,06 ; 30.559,53 ; 13.892,61 
Liechtenstein;LIE; 55.057,11 ; 55.604,55 ; 63.935,99 ; 78.909,70 ; 80.688,72 ; 73.590,86 ; 78.302,99 ; 82.682,28 ; 76.087,91 ; 75.067,80 ; 79.795,18 ; 90.108,37 ; 100.280,83 ; 105.295,06 ; 114.167,94 ; 130.492,60 ; 143.249,23 ; 126.024,71 ; 141.089,81 ; 158.066,37 ; 148.842,04 ; 172.823,61 ; 178.735,15 ; 167.187,16 ; 165.375,49 ; 170.547,09 ; 174.988,78 ; 166.907,84 ; 164.671,09 ; 196.783,73 ; 186.400,23 ; 55.057,11 
Nauru;NRU; 5.102,60 ; 4.310,24 ; 3.920,54 ; 3.932,09 ; 3.678,56 ; 3.661,03 ; 2.908,85 ; 2.682,69 ; 2.648,60 ; 2.232,31 ; 2.084,65 ; 2.463,28 ; 3.040,51 ; 2.992,40 ; 2.910,14 ; 2.272,15 ; 3.756,85 ; 4.410,57 ; 4.735,92 ; 6.480,90 ; 9.817,37 ; 8.974,52 ; 9.193,10 ; 7.703,43 ; 8.724,31 ; 9.613,41 ; 11.408,69 ; 10.776,83 ; 10.695,70 ; 14.989,66 ; 13.287,27 ; 5.102,60 
Cambodia;CAM; 307,09 ; 294,06 ; 302,13 ; 343,49 ; 324,66 ; 297,59 ; 258,78 ; 286,75 ; 296,43 ; 327,50 ; 350,15 ; 386,69 ; 444,20 ; 525,80 ; 612,25 ; 731,69 ; 866,28 ; 875,75 ; 952,27 ; 1.088,98 ; 1.192,80 ; 1.305,66 ; 1.431,56 ; 1.547,32 ; 1.675,20 ; 1.826,35 ; 2.036,67 ; 2.225,88 ; 2.081,74 ; 2.167,40 ; 2.325,03 ; 307,09 
Malawi;MAW; 258,39 ; 293,02 ; 169,20 ; 200,36 ; 320,66 ; 366,95 ; 236,05 ; 233,94 ; 224,22 ; 215,47 ; 428,21 ; 383,35 ; 404,67 ; 414,36 ; 440,82 ; 475,18 ; 554,05 ; 625,87 ; 683,12 ; 763,06 ; 558,46 ; 496,95 ; 529,51 ; 539,61 ; 450,51 ; 495,77 ; 533,20 ; 580,89 ; 602,51 ; 617,45 ; 604,27 ; 258,39 
Bhutan;BHU; 415,79 ; 407,40 ; 467,01 ; 530,10 ; 552,87 ; 630,45 ; 638,28 ; 685,42 ; 771,92 ; 812,24 ; 895,80 ; 1.022,38 ; 1.130,36 ; 1.299,95 ; 1.405,61 ; 1.850,42 ; 1.919,60 ; 1.918,40 ; 2.435,58 ; 2.787,98 ; 2.751,21 ; 2.679,95 ; 2.849,50 ; 2.954,04 ; 3.152,31 ; 3.435,29 ; 3.400,20 ; 3.576,88 ; 3.191,67 ; 3.570,61 ; 3.711,33 ; 415,79 
Marshall Islands;MHL; 1.963,07 ; 2.112,01 ; 2.265,07 ; 2.490,99 ; 2.272,84 ; 2.230,75 ; 2.254,16 ; 2.257,92 ; 2.264,79 ; 2.394,35 ; 2.566,07 ; 2.539,33 ; 2.566,08 ; 2.658,65 ; 2.754,27 ; 2.892,28 ; 2.817,61 ; 2.906,63 ; 3.095,46 ; 3.319,40 ; 3.514,27 ; 3.677,91 ; 3.735,24 ; 3.764,34 ; 4.229,81 ; 4.592,83 ; 4.858,12 ; 5.292,34 ; 5.661,97 ; 6.258,61 ; 6.322,83 ; 1.963,07 
Kiribati;KIR; 792,00 ; 747,75 ; 837,97 ; 844,43 ; 985,89 ; 953,16 ; 874,48 ; 887,50 ; 845,37 ; 718,83 ; 810,11 ; 1.020,50 ; 1.083,27 ; 1.161,78 ; 1.123,19 ; 1.352,58 ; 1.410,62 ; 1.316,63 ; 1.522,10 ; 1.771,13 ; 1.843,55 ; 1.772,09 ; 1.736,71 ; 1.639,85 ; 1.742,67 ; 1.853,05 ; 1.912,74 ; 1.751,00 ; 1.769,43 ; 2.253,83 ; 2.075,91 ; 792,00 
Burkina Faso;BUR; 348,59 ; 324,11 ; 187,21 ; 229,09 ; 242,73 ; 223,85 ; 249,53 ; 292,84 ; 248,91 ; 259,49 ; 285,65 ; 362,37 ; 403,81 ; 441,16 ; 455,51 ; 514,68 ; 619,44 ; 601,57 ; 624,96 ; 725,02 ; 731,47 ; 759,76 ; 764,86 ; 630,12 ; 663,74 ; 709,09 ; 777,47 ; 764,85 ; 825,24 ; 895,54 ; 836,12 ; 348,59 
Lesotho;LES; 443,62 ; 439,37 ; 455,59 ; 513,41 ; 479,67 ; 501,98 ; 464,68 ; 455,65 ; 442,78 ; 412,68 ; 388,92 ; 583,27 ; 766,69 ; 861,38 ; 925,47 ; 861,19 ; 898,48 ; 878,85 ; 1.119,48 ; 1.280,73 ; 1.217,93 ; 1.151,04 ; 1.173,54 ; 1.121,20 ; 992,49 ; 1.069,37 ; 1.170,66 ; 1.082,06 ; 918,58 ; 1.066,59 ; 1.030,00 ; 443,62 
Nicaragua;NCA; 411,47 ; 394,38 ; 849,18 ; 891,78 ; 910,86 ; 912,76 ; 949,16 ; 980,22 ; 1.017,31 ; 1.051,87 ; 1.014,33 ; 1.021,35 ; 1.098,62 ; 1.183,30 ; 1.248,18 ; 1.350,39 ; 1.523,68 ; 1.467,08 ; 1.526,56 ; 1.679,71 ; 1.784,69 ; 1.835,43 ; 1.958,37 ; 2.074,45 ; 2.131,69 ; 2.182,62 ; 2.035,17 ; 1.958,62 ; 1.931,62 ; 2.128,61 ; 2.325,17 ; 2.612,87 
Pakistan;PAK; 395,68 ; 407,89 ; 399,96 ; 450,55 ; 457,00 ; 438,03 ; 424,45 ; 418,25 ; 642,34 ; 609,94 ; 599,94 ; 672,44 ; 771,90 ; 827,62 ; 900,87 ; 998,09 ; 1.067,04 ; 963,79 ; 987,30 ; 1.131,74 ; 1.204,36 ; 1.225,43 ; 1.266,61 ; 1.380,47 ; 1.424,69 ; 1.519,23 ; 1.569,34 ; 1.390,42 ; 1.278,40 ; 1.455,32 ; 1.538,32 ; 395,68 
Iraq;IRQ; 30,25 ; 53,74 ; 198,18 ; 619,14 ; 485,26 ; 936,34 ; 900,94 ; 1.560,36 ; 1.980,19 ; 1.435,70 ; 1.266,16 ; 817,89 ; 1.328,37 ; 1.762,39 ; 2.276,55 ; 3.128,99 ; 4.542,97 ; 3.714,71 ; 4.461,75 ; 5.775,54 ; 6.477,60 ; 6.650,35 ; 6.249,39 ; 4.440,14 ; 4.334,42 ; 4.759,28 ; 5.646,69 ; 5.671,86 ; 4.295,19 ; 4.868,49 ; 6.504,12 ; 30,25 
Libya;LBA; 7.302,69 ; 6.477,87 ; 5.933,29 ; 5.205,26 ; 5.591,02 ; 6.061,81 ; 5.301,08 ; 6.894,52 ; 7.214,10 ; 6.312,80 ; 3.718,29 ; 4.674,10 ; 5.773,76 ; 8.079,25 ; 10.048,85 ; 11.144,94 ; 13.906,14 ; 9.551,05 ; 11.600,91 ; 7.593,84 ; 14.975,89 ; 11.951,71 ; 8.926,42 ; 7.458,49 ; 7.525,80 ; 9.965,83 ; 11.196,59 ; 9.963,19 ; 6.650,34 ; 4.935,83 ; 5.986,64 ; 7.302,69 
Comoros;COM; 983,39 ; 956,09 ; 662,02 ; 812,22 ; 793,52 ; 717,73 ; 716,43 ; 727,26 ; 655,01 ; 691,70 ; 762,12 ; 959,79 ; 1.091,27 ; 1.103,21 ; 1.154,90 ; 1.289,74 ; 1.455,03 ; 1.410,31 ; 1.386,57 ; 1.531,44 ; 1.490,32 ; 1.603,33 ; 1.615,72 ; 1.329,37 ; 1.365,48 ; 1.423,92 ; 1.540,71 ; 1.519,26 ; 1.527,17 ; 1.584,12 ; 1.489,50 ; 983,39 
Chad;CHA; 290,65 ; 220,73 ; 173,93 ; 203,96 ; 216,91 ; 201,38 ; 219,78 ; 186,64 ; 163,12 ; 194,32 ; 219,06 ; 289,09 ; 445,85 ; 643,81 ; 693,85 ; 780,58 ; 905,68 ; 781,14 ; 866,44 ; 954,32 ; 936,14 ; 946,13 ; 982,53 ; 747,59 ; 668,08 ; 640,12 ; 695,64 ; 678,14 ; 622,10 ; 660,75 ; 671,72 ; 290,65 
Ghana;GHA; 396,43 ; 359,80 ; 320,50 ; 371,54 ; 389,27 ; 377,84 ; 400,37 ; 403,04 ; 253,75 ; 263,54 ; 297,46 ; 358,40 ; 406,13 ; 478,61 ; 906,44 ; 1.050,12 ; 1.182,66 ; 1.047,70 ; 1.263,89 ; 1.507,44 ; 1.543,78 ; 2.294,03 ; 1.953,65 ; 1.721,70 ; 1.913,19 ; 2.012,97 ; 2.196,61 ; 2.186,19 ; 2.196,55 ; 2.445,50 ; 2.240,28 ; 396,43 
Mali;MLI; 296,30 ; 288,91 ; 208,87 ; 265,72 ; 267,16 ; 253,33 ; 267,44 ; 306,46 ; 256,20 ; 291,16 ; 318,04 ; 371,63 ; 416,28 ; 461,46 ; 493,63 ; 564,16 ; 658,49 ; 662,88 ; 670,37 ; 789,06 ; 733,74 ; 758,48 ; 797,15 ; 704,82 ; 730,85 ; 775,54 ; 835,09 ; 820,20 ; 804,34 ; 862,47 ; 813,97 ; 296,30 
Guyana;GUY; 498,16 ; 603,08 ; 715,61 ; 819,67 ; 927,52 ; 982,80 ; 939,69 ; 908,79 ; 931,80 ; 931,57 ; 950,87 ; 973,74 ; 1.033,31 ; 1.084,07 ; 3.135,61 ; 3.608,29 ; 4.008,96 ; 4.209,13 ; 4.581,76 ; 4.947,22 ; 5.444,40 ; 5.556,91 ; 5.472,69 ; 5.640,42 ; 5.870,88 ; 6.178,67 ; 6.048,39 ; 6.405,82 ; 6.775,71 ; 9.860,87 ; 17.913,49 ; 498,16 
Angola;ANG; 668,71 ; 449,73 ; 334,97 ; 404,29 ; 531,12 ; 521,70 ; 429,19 ; 392,73 ; 563,73 ; 533,59 ; 882,15 ; 992,70 ; 1.266,21 ; 1.916,47 ; 2.617,05 ; 3.141,05 ; 4.103,07 ; 3.136,65 ; 3.597,34 ; 4.615,91 ; 5.086,03 ; 5.057,75 ; 5.006,00 ; 3.213,90 ; 1.807,95 ; 2.437,26 ; 2.538,59 ; 2.189,86 ; 1.449,92 ; 1.925,87 ; 2.929,69 ; 668,71 
Djibouti;DJI; 763,66 ; 758,73 ; 784,56 ; 786,20 ; 761,94 ; 748,23 ; 735,35 ; 740,22 ; 737,61 ; 742,13 ; 743,01 ; 764,63 ; 806,26 ; 844,45 ; 898,46 ; 969,57 ; 1.119,15 ; 1.150,94 ; 1.213,23 ; 1.306,35 ; 1.400,19 ; 2.074,30 ; 2.208,68 ; 2.376,13 ; 2.510,43 ; 2.618,96 ; 2.718,09 ; 2.837,17 ; 2.882,00 ; 3.019,69 ; 3.231,30 ; 763,66 
Bangladesh;BAN; 273,47 ; 280,76 ; 280,60 ; 309,46 ; 371,92 ; 379,28 ; 385,62 ; 388,10 ; 396,67 ; 394,66 ; 393,89 ; 426,75 ; 455,61 ; 480,09 ; 490,39 ; 537,96 ; 613,06 ; 679,21 ; 757,39 ; 837,34 ; 859,68 ; 958,26 ; 1.094,46 ; 1.224,39 ; 1.649,28 ; 1.811,08 ; 1.965,24 ; 2.129,80 ; 2.248,85 ; 2.482,85 ; 2.716,49 ; 273,47 
Somalia;SOM; 109,20 ; 188,60 ; 210,79 ; 210,67 ; 237,24 ; 280,11 ; 363,20 ; 358,66 ; 386,12 ; 244,91 ; 229,60 ; 286,27 ; 375,41 ; 439,98 ; 458,00 ; 479,64 ; 507,04 ; 246,51 ; 219,20 ; 235,33 ; 350,26 ; 393,40 ; 429,43 ; 445,58 ; 460,93 ; 510,94 ; 509,53 ; 539,89 ; 518,18 ; 549,11 ; 573,13 ; 109,20 
Honduras;HON; 937,83 ; 908,45 ; 832,06 ; 931,67 ; 883,31 ; 944,93 ; 1.021,16 ; 1.002,20 ; 1.092,56 ; 1.132,16 ; 1.132,50 ; 1.156,08 ; 1.215,14 ; 1.304,70 ; 1.425,85 ; 1.577,74 ; 1.732,49 ; 1.781,16 ; 1.893,33 ; 2.073,66 ; 2.126,03 ; 2.081,13 ; 2.179,88 ; 2.271,20 ; 2.307,34 ; 2.413,01 ; 2.464,64 ; 2.502,33 ; 2.307,61 ; 2.735,15 ; 3.003,29 ; 937,83 
El Salvador;ESA; 1.040,78 ; 1.180,27 ; 1.343,93 ; 1.548,38 ; 1.651,31 ; 1.748,92 ; 1.859,73 ; 1.908,08 ; 1.982,87 ; 2.058,04 ; 2.115,41 ; 2.207,83 ; 2.285,69 ; 2.447,39 ; 2.665,62 ; 2.830,66 ; 2.983,25 ; 2.910,19 ; 3.040,07 ; 3.330,60 ; 3.497,91 ; 3.582,27 ; 3.666,01 ; 3.790,34 ; 3.901,34 ; 4.020,13 ; 4.183,55 ; 4.320,12 ; 3.997,19 ; 4.642,61 ; 5.093,52 ; 1.040,78 
Turkmenistan;TKM; 811,35 ; 788,42 ; 622,13 ; 592,25 ; 557,89 ; 565,02 ; 590,79 ; 545,52 ; 633,84 ; 756,03 ; 935,54 ; 1.228,95 ; 1.379,23 ; 1.604,02 ; 1.996,59 ; 2.414,96 ; 3.605,50 ; 3.707,98 ; 4.058,54 ; 5.143,62 ; 6.053,87 ; 6.599,65 ; 7.164,15 ; 5.759,50 ; 5.686,98 ; 5.828,48 ; 6.125,05 ; 6.648,03 ; 6.592,60 ; 7.051,20 ; 8.156,35 ; 811,35 
Liberia;LBR; 107,84 ; 74,43 ; 61,49 ; 62,14 ; 71,41 ; 122,63 ; 134,68 ; 156,57 ; 298,49 ; 300,46 ; 299,54 ; 239,78 ; 284,14 ; 287,49 ; 320,56 ; 374,21 ; 451,71 ; 448,39 ; 492,25 ; 568,09 ; 638,37 ; 710,74 ; 706,71 ; 692,59 ; 714,61 ; 699,27 ; 692,20 ; 658,16 ; 616,79 ; 667,97 ; 744,62 ; 107,84 
Suriname;SUR; 968,90 ; 1.022,45 ; 1.433,54 ; 1.609,83 ; 1.962,88 ; 2.067,60 ; 2.428,59 ; 1.898,18 ; 1.988,22 ; 1.714,65 ; 2.202,34 ; 2.516,10 ; 2.887,77 ; 3.453,43 ; 5.002,66 ; 5.530,18 ; 6.576,09 ; 7.129,58 ; 7.943,60 ; 7.949,89 ; 8.851,24 ; 9.043,19 ; 9.108,19 ; 8.813,62 ; 5.644,21 ; 6.049,52 ; 6.665,74 ; 6.629,67 ; 4.755,39 ; 5.029,85 ; 6.084,44 ; 968,90 
Nepal;NEP; 165,03 ; 172,81 ; 187,26 ; 197,84 ; 198,82 ; 211,83 ; 205,08 ; 208,65 ; 223,83 ; 240,80 ; 238,89 ; 246,43 ; 279,59 ; 309,02 ; 340,43 ; 385,45 ; 464,82 ; 473,08 ; 585,28 ; 785,52 ; 788,20 ; 803,27 ; 821,46 ; 875,54 ; 877,26 ; 1.034,28 ; 1.179,20 ; 1.203,14 ; 1.154,22 ; 1.252,75 ; 1.385,91 ; 165,03 
Palau;PLW; 6.552,71 ; 5.891,50 ; 6.329,07 ; 7.038,01 ; 7.788,30 ; 7.944,60 ; 8.047,92 ; 7.629,57 ; 7.797,26 ; 8.239,64 ; 8.340,54 ; 7.862,04 ; 8.395,14 ; 9.639,66 ; 9.885,15 ; 10.408,43 ; 10.582,74 ; 10.155,43 ; 10.229,09 ; 11.000,88 ; 12.145,36 ; 12.768,91 ; 13.726,02 ; 15.690,76 ; 16.762,57 ; 16.034,13 ; 16.197,73 ; 15.841,19 ; 14.556,59 ; 13.257,21 ; 14.392,20 ; 6.552,71 
Samoa;SAM; 776,74 ; 774,99 ; 1.276,85 ; 1.288,10 ; 1.419,36 ; 1.607,89 ; 1.506,30 ; 1.416,77 ; 1.424,75 ; 1.453,87 ; 1.527,56 ; 1.798,12 ; 2.189,26 ; 2.550,04 ; 2.663,29 ; 3.038,62 ; 3.373,61 ; 3.279,18 ; 3.524,25 ; 3.821,51 ; 3.934,60 ; 4.023,53 ; 3.982,68 ; 4.084,36 ; 4.147,07 ; 4.307,59 ; 4.231,81 ; 4.351,94 ; 4.099,66 ; 3.947,65 ; 3.869,47 ; 776,74 
Rwanda;RWA; 264,08 ; 247,02 ; 110,95 ; 227,97 ; 206,05 ; 238,75 ; 246,15 ; 264,74 ; 251,87 ; 237,31 ; 234,04 ; 249,01 ; 269,54 ; 324,02 ; 357,00 ; 426,23 ; 528,33 ; 564,04 ; 593,62 ; 651,13 ; 706,82 ; 704,92 ; 724,96 ; 734,00 ; 729,52 ; 758,30 ; 771,77 ; 810,05 ; 778,70 ; 828,83 ; 975,47 ; 264,08 
Dominica;DMA; 3.376,26 ; 3.536,16 ; 3.805,20 ; 3.951,72 ; 4.211,00 ; 4.372,20 ; 4.664,24 ; 4.817,18 ; 4.867,40 ; 4.981,90 ; 4.873,64 ; 5.009,57 ; 5.348,95 ; 5.299,50 ; 5.671,77 ; 6.120,44 ; 6.654,50 ; 7.102,03 ; 7.171,55 ; 7.255,67 ; 7.031,40 ; 7.147,62 ; 7.395,30 ; 7.679,83 ; 8.278,45 ; 7.614,34 ; 8.137,57 ; 9.009,09 ; 7.461,78 ; 8.262,65 ; 9.085,67 ; 3.376,26 
Haiti;HAI; 316,28 ; 258,07 ; 292,13 ; 372,01 ; 377,23 ; 425,11 ; 465,36 ; 509,58 ; 820,60 ; 748,82 ; 720,97 ; 579,00 ; 683,19 ; 775,85 ; 828,81 ; 984,57 ; 1.094,66 ; 1.196,85 ; 1.209,73 ; 1.312,04 ; 1.361,39 ; 1.457,83 ; 1.460,19 ; 1.411,13 ; 1.318,40 ; 1.395,24 ; 1.496,38 ; 1.352,17 ; 1.290,33 ; 1.835,44 ; 1.760,63 ; 316,28 
Malta;MLT; 8.220,34 ; 7.296,35 ; 8.000,34 ; 9.828,23 ; 10.061,70 ; 9.893,31 ; 10.408,06 ; 10.609,19 ; 10.348,49 ; 10.357,70 ; 11.251,21 ; 13.593,97 ; 15.212,13 ; 15.831,34 ; 16.653,61 ; 19.444,19 ; 22.315,32 ; 21.176,31 ; 21.946,61 ; 23.516,97 ; 22.878,31 ; 25.346,52 ; 27.356,61 ; 25.481,90 ; 26.409,63 ; 30.259,40 ; 33.332,19 ; 32.412,27 ; 31.796,82 ; 38.027,38 ; 36.142,21 ; 8.220,34 
Seychelles;SEY; 6.520,49 ; 6.978,68 ; 6.974,87 ; 7.180,67 ; 7.004,34 ; 7.746,70 ; 8.209,51 ; 8.243,24 ; 8.063,66 ; 8.153,30 ; 8.864,17 ; 9.070,28 ; 10.827,67 ; 11.802,11 ; 12.782,99 ; 12.669,30 ; 11.265,44 ; 9.747,09 ; 10.934,79 ; 12.110,09 ; 12.337,16 ; 14.821,29 ; 15.188,19 ; 15.333,11 ; 16.566,99 ; 17.480,37 ; 18.440,23 ; 19.141,51 ; 14.041,48 ; 14.982,91 ; 17.167,19 ; 6.520,49 
Benin;BEN; 301,77 ; 387,31 ; 262,13 ; 348,44 ; 369,39 ; 344,55 ; 361,60 ; 525,13 ; 487,42 ; 492,40 ; 546,46 ; 676,00 ; 758,70 ; 779,44 ; 809,15 ; 912,34 ; 1.060,60 ; 1.024,10 ; 973,24 ; 1.059,41 ; 1.071,53 ; 1.168,93 ; 1.204,40 ; 1.002,42 ; 1.010,53 ; 1.054,97 ; 1.151,74 ; 1.130,82 ; 1.197,50 ; 1.318,83 ; 1.264,71 ; 301,77 
Belize;BIZ; 3.645,61 ; 3.862,71 ; 3.879,01 ; 4.012,08 ; 4.045,69 ; 4.016,63 ; 4.127,94 ; 4.291,83 ; 4.729,67 ; 4.721,82 ; 4.861,74 ; 4.962,09 ; 5.156,10 ; 5.272,74 ; 5.527,17 ; 5.765,28 ; 5.713,28 ; 5.401,23 ; 5.451,14 ; 5.582,22 ; 5.709,69 ; 5.950,20 ; 6.128,14 ; 6.154,50 ; 6.142,50 ; 6.072,58 ; 6.031,28 ; 6.190,05 ; 5.227,19 ; 6.122,61 ; 7.068,45 ; 3.645,61 
Maldives;MDV; 1.194,23 ; 1.316,61 ; 1.419,39 ; 1.554,61 ; 1.716,74 ; 1.898,43 ; 1.980,38 ; 2.124,06 ; 2.213,81 ; 3.033,93 ; 3.076,07 ; 3.548,58 ; 4.070,26 ; 3.796,52 ; 5.018,94 ; 5.758,10 ; 6.757,43 ; 6.734,03 ; 7.173,60 ; 7.424,52 ; 7.461,30 ; 8.236,08 ; 8.939,07 ; 9.644,91 ; 9.947,81 ; 10.509,63 ; 11.423,28 ; 11.740,27 ; 7.393,89 ; 10.176,14 ; 11.786,01 ; 1.194,23 
Mauritania;MTN; 1.036,47 ; 849,62 ; 864,60 ; 904,72 ; 904,12 ; 859,28 ; 821,27 ; 781,34 ; 680,91 ; 651,82 ; 648,88 ; 732,02 ; 823,55 ; 998,97 ; 1.300,60 ; 1.405,15 ; 1.635,56 ; 1.435,43 ; 1.659,96 ; 1.931,20 ; 1.859,12 ; 1.934,24 ; 1.713,01 ; 1.554,95 ; 1.565,77 ; 1.615,00 ; 1.722,94 ; 1.767,07 ; 1.795,76 ; 1.947,79 ; 1.960,35 ; 1.036,47 
Peru;PER; 1.567,41 ; 1.487,67 ; 1.879,37 ; 2.189,53 ; 2.226,92 ; 2.300,67 ; 2.156,39 ; 1.916,53 ; 1.945,41 ; 1.929,57 ; 2.007,37 ; 2.129,44 ; 2.397,25 ; 2.706,67 ; 3.129,56 ; 3.581,09 ; 4.197,58 ; 4.181,19 ; 5.072,11 ; 5.861,36 ; 6.519,38 ; 6.746,80 ; 6.667,13 ; 6.231,71 ; 6.217,04 ; 6.736,17 ; 6.978,49 ; 7.037,01 ; 6.133,33 ; 6.826,97 ; 7.363,27 ; 1.567,41 
Bermuda;BER; 28.761,96 ; 30.950,08 ; 31.543,06 ; 34.115,34 ; 45.063,61 ; 48.736,68 ; 51.629,28 ; 54.388,34 ; 56.542,96 ; 59.490,25 ; 63.358,57 ; 67.106,80 ; 71.692,16 ; 77.628,10 ; 97.781,46 ; 107.395,65 ; 110.268,56 ; 104.711,71 ; 104.111,82 ; 99.049,02 ; 100.213,49 ; 101.704,41 ; 100.961,58 ; 104.855,37 ; 108.747,36 ; 112.339,43 ; 113.204,82 ; 115.798,04 ; 106.973,18 ; 112.712,03 ; 120.897,31 ; 28.761,96 
Papua New Guinea;PNG; 1.050,71 ; 1.151,28 ; 1.228,24 ; 998,23 ; 1.071,04 ; 989,72 ; 733,48 ; 649,99 ; 635,96 ; 537,85 ; 506,33 ; 577,47 ; 620,60 ; 744,49 ; 1.238,18 ; 1.370,75 ; 1.624,79 ; 1.568,83 ; 1.866,87 ; 2.288,38 ; 2.635,09 ; 2.560,77 ; 2.723,18 ; 2.484,60 ; 2.316,39 ; 2.477,77 ; 2.566,37 ; 2.575,77 ; 2.429,61 ; 2.607,58 ; 3.101,71 ; 1.050,71 
Oman;OMA; 7.317,79 ; 7.038,93 ; 7.068,39 ; 7.414,30 ; 8.068,00 ; 8.234,64 ; 7.219,03 ; 7.915,44 ; 9.753,85 ; 9.611,96 ; 9.869,13 ; 10.463,54 ; 11.800,85 ; 14.434,86 ; 16.930,86 ; 18.792,65 ; 26.576,78 ; 20.655,92 ; 23.570,18 ; 25.188,01 ; 24.642,30 ; 23.458,02 ; 23.160,65 ; 18.808,31 ; 17.110,19 ; 17.820,07 ; 19.901,76 ; 19.180,19 ; 16.784,86 ; 19.403,46 ; 23.665,64 ; 7.317,79 
Lebanon;LIB; 1.559,38 ; 2.078,64 ; 2.467,77 ; 2.958,74 ; 3.393,05 ; 3.834,06 ; 4.124,86 ; 4.086,94 ; 3.986,84 ; 4.009,56 ; 4.290,85 ; 4.437,72 ; 4.600,68 ; 4.602,20 ; 4.635,25 ; 5.125,26 ; 5.912,05 ; 7.090,85 ; 7.625,81 ; 7.834,96 ; 8.406,98 ; 8.162,38 ; 7.577,64 ; 7.714,11 ; 8.089,01 ; 8.608,21 ; 9.174,54 ; 8.905,88 ; 5.561,19 ; 4.045,37 ; 3.654,36 ; 1.559,38 
Vanuatu;VAN; 1.343,69 ; 1.257,29 ; 1.430,99 ; 1.491,79 ; 1.529,28 ; 1.562,03 ; 1.470,97 ; 1.472,18 ; 1.460,24 ; 1.350,18 ; 1.340,72 ; 1.566,51 ; 1.774,32 ; 1.873,99 ; 2.034,79 ; 2.333,71 ; 2.603,61 ; 2.546,38 ; 2.815,19 ; 3.163,19 ; 3.004,78 ; 2.979,80 ; 2.967,71 ; 2.746,59 ; 2.870,00 ; 3.159,93 ; 3.206,69 ; 3.207,45 ; 3.042,99 ; 3.107,20 ; 3.265,40 ; 1.343,69 
Central African Republic;CAF; 461,59 ; 404,95 ; 261,26 ; 333,15 ; 293,31 ; 265,52 ; 266,57 ; 268,00 ; 239,15 ; 237,95 ; 248,64 ; 278,40 ; 303,46 ; 311,95 ; 333,94 ; 380,89 ; 437,25 ; 456,47 ; 476,87 ; 534,06 ; 544,40 ; 364,37 ; 409,85 ; 366,32 ; 387,18 ; 432,32 ; 455,24 ; 449,23 ; 462,88 ; 492,26 ; 467,36 ; 461,59 
Madagascar;MAD; 290,21 ; 307,89 ; 258,72 ; 273,15 ; 339,88 ; 284,37 ; 284,19 ; 267,36 ; 280,28 ; 319,28 ; 304,94 ; 352,62 ; 272,20 ; 305,81 ; 324,15 ; 419,55 ; 512,58 ; 446,32 ; 450,01 ; 506,16 ; 493,51 ; 515,30 ; 505,68 ; 445,32 ; 453,97 ; 491,87 ; 500,46 ; 499,82 ; 450,77 ; 490,21 ; 497,24 ; 290,21 
Bosnia and Herzegovina;BIH; 1.118,18 ; 929,87 ; 337,09 ; 502,37 ; 718,93 ; 913,81 ; 1.006,70 ; 1.134,60 ; 1.338,48 ; 1.387,89 ; 1.606,55 ; 2.033,95 ; 2.452,69 ; 2.739,61 ; 3.166,13 ; 3.931,49 ; 4.841,69 ; 4.539,92 ; 4.506,48 ; 4.982,69 ; 4.693,79 ; 5.034,57 ; 5.206,07 ; 4.662,26 ; 4.928,57 ; 5.345,02 ; 6.047,85 ; 6.122,38 ; 6.130,31 ; 7.295,34 ; 7.655,59 ; 1.118,18 
Guinea-Bissau;GBS; 574,32 ; 581,61 ; 560,88 ; 589,49 ; 614,73 ; 598,95 ; 497,72 ; 478,73 ; 316,95 ; 327,14 ; 362,03 ; 419,78 ; 431,38 ; 463,07 ; 448,51 ; 519,07 ; 640,21 ; 583,19 ; 600,19 ; 719,54 ; 635,46 ; 654,30 ; 652,02 ; 645,07 ; 679,67 ; 783,12 ; 808,53 ; 807,36 ; 817,78 ; 900,41 ; 853,28 ; 574,32 
Sierra Leone;SLE; 163,20 ; 184,95 ; 218,51 ; 208,35 ; 224,26 ; 199,88 ; 156,52 ; 155,02 ; 143,74 ; 358,32 ; 389,00 ; 413,82 ; 417,75 ; 462,63 ; 517,91 ; 578,65 ; 650,68 ; 624,90 ; 648,13 ; 718,16 ; 904,84 ; 1.146,42 ; 1.140,93 ; 945,15 ; 838,63 ; 788,49 ; 845,91 ; 843,71 ; 845,31 ; 885,18 ; 860,13 ; 163,20 
Timor-Leste;TLS; 235,06 ; 264,07 ; 283,06 ; 302,74 ; 344,01 ; 348,86 ; 345,59 ; 269,99 ; 492,46 ; 587,80 ; 533,98 ; 534,90 ; 474,42 ; 487,46 ; 464,67 ; 540,15 ; 628,15 ; 686,58 ; 813,06 ; 939,05 ; 1.022,62 ; 1.204,57 ; 1.224,75 ; 1.319,59 ; 1.335,54 ; 1.266,18 ; 1.219,47 ; 1.562,36 ; 1.630,87 ; 2.684,83 ; 2.343,25 ; 235,06 
Solomon Islands;SOL; 763,86 ; 828,87 ; 1.078,04 ; 1.220,18 ; 1.289,33 ; 1.292,24 ; 1.091,89 ; 1.133,62 ; 953,17 ; 911,79 ; 756,89 ; 895,99 ; 986,08 ; 1.144,46 ; 1.255,63 ; 1.390,16 ; 1.525,85 ; 1.554,71 ; 1.685,15 ; 1.924,05 ; 2.066,25 ; 2.161,40 ; 2.164,94 ; 2.045,48 ; 2.082,63 ; 2.143,57 ; 2.278,21 ; 2.223,67 ; 2.063,33 ; 1.996,87 ; 2.005,41 ; 763,86 
Luxembourg;LUX; 39.570,86 ; 40.066,72 ; 43.933,24 ; 51.032,35 ; 50.444,36 ; 46.641,64 ; 47.445,38 ; 50.872,45 ; 48.659,60 ; 48.440,14 ; 53.005,73 ; 65.689,32 ; 76.544,92 ; 80.988,14 ; 90.788,80 ; 107.475,32 ; 120.422,14 ; 109.419,75 ; 110.885,99 ; 119.025,06 ; 112.584,68 ; 120.000,14 ; 123.678,70 ; 105.462,01 ; 106.899,29 ; 110.193,21 ; 116.786,51 ; 112.726,44 ; 116.905,37 ; 133.711,79 ; 125.006,02 ; 39.570,86 
Andorra;AND; 20.099,54 ; 15.916,84 ; 15.748,53 ; 18.443,25 ; 19.130,16 ; 18.248,00 ; 18.536,51 ; 18.875,29 ; 21.810,25 ; 23.511,30 ; 26.528,13 ; 34.063,58 ; 39.021,13 ; 40.829,80 ; 43.467,21 ; 48.336,23 ; 49.132,52 ; 43.975,02 ; 42.746,83 ; 46.657,16 ; 41.500,54 ; 42.470,32 ; 44.369,66 ; 38.654,93 ; 40.129,82 ; 40.672,99 ; 42.819,77 ; 41.257,80 ; 37.361,09 ; 42.425,70 ; 42.414,06 ; 20.099,54 
Equatorial Guinea;GEQ; 263,73 ; 256,68 ; 183,24 ; 248,31 ; 391,69 ; 717,04 ; 577,87 ; 930,91 ; 1.487,32 ; 1.948,61 ; 2.264,21 ; 2.930,60 ; 4.901,30 ; 8.673,90 ; 10.184,88 ; 12.616,95 ; 18.210,56 ; 13.232,50 ; 13.720,17 ; 17.198,21 ; 17.308,57 ; 16.304,07 ; 15.548,66 ; 9.068,91 ; 7.453,20 ; 7.809,10 ; 8.102,47 ; 6.804,15 ; 5.764,06 ; 6.945,63 ; 7.589,30 ; 263,73 
Myanmar;MYA; 58,89 ; 76,21 ; 105,39 ; 124,14 ; 141,90 ; 108,04 ; 145,95 ; 189,49 ; 196,62 ; 141,53 ; 146,60 ; 224,29 ; 224,51 ; 252,69 ; 303,50 ; 419,38 ; 658,44 ; 758,44 ; 1.010,53 ; 1.213,63 ; 1.202,67 ; 1.199,10 ; 1.293,00 ; 1.166,73 ; 1.229,20 ; 1.272,82 ; 1.298,21 ; 1.425,99 ; 1.490,22 ; 1.242,72 ; 1.158,05 ; 58,89 
Senegal;SEN; 951,20 ; 877,53 ; 583,78 ; 714,99 ; 723,47 ; 650,78 ; 684,59 ; 677,52 ; 603,23 ; 637,21 ; 669,43 ; 817,89 ; 918,10 ; 979,85 ; 1.017,20 ; 1.188,94 ; 1.398,79 ; 1.308,69 ; 1.275,88 ; 1.374,68 ; 1.326,84 ; 1.379,83 ; 1.398,89 ; 1.218,01 ; 1.266,44 ; 1.356,81 ; 1.452,56 ; 1.431,18 ; 1.461,09 ; 1.598,11 ; 1.564,75 ; 951,20 
Guinea;GUI; 692,65 ; 670,74 ; 671,58 ; 713,03 ; 726,03 ; 695,58 ; 647,38 ; 610,61 ; 518,16 ; 483,09 ; 495,92 ; 566,49 ; 584,90 ; 463,18 ; 446,98 ; 650,15 ; 703,53 ; 662,19 ; 659,24 ; 636,69 ; 699,35 ; 748,46 ; 765,15 ; 747,36 ; 712,00 ; 833,60 ; 933,27 ; 1.031,34 ; 1.053,66 ; 1.244,97 ; 1.416,60 ; 692,65 
Sao Tome and Principe;STP; 740,47 ; 963,79 ; 989,50 ; 768,71 ; 987,05 ; 661,67 ; 513,57 ; 542,69 ; 529,09 ; 518,88 ; 568,10 ; 663,70 ; 726,56 ; 844,17 ; 861,97 ; 878,89 ; 1.081,87 ; 1.128,28 ; 1.045,21 ; 1.219,80 ; 1.210,79 ; 1.382,58 ; 1.489,68 ; 1.298,11 ; 1.434,87 ; 1.555,79 ; 1.825,60 ; 1.935,29 ; 2.167,22 ; 2.362,59 ; 2.389,74 ; 740,47 
Monaco;MON; 88.614,93 ; 82.685,46 ; 86.703,81 ; 99.032,24 ; 98.561,01 ; 88.581,70 ; 90.947,21 ; 89.698,20 ; 81.789,02 ; 82.402,78 ; 90.051,45 ; 111.110,45 ; 125.160,23 ; 130.538,74 ; 143.083,46 ; 184.558,56 ; 204.263,80 ; 169.150,27 ; 161.853,92 ; 179.363,98 ; 165.444,65 ; 184.940,66 ; 195.693,57 ; 170.437,10 ; 173.604,75 ; 170.663,38 ; 188.298,32 ; 193.746,79 ; 176.891,89 ; 223.823,36 ; 226.052,00 ; 88.614,93 
Tanzania;TAN; 250,33 ; 224,49 ; 228,89 ; 258,42 ; 313,66 ; 363,60 ; 386,38 ; 392,62 ; 401,70 ; 396,64 ; 402,65 ; 422,18 ; 450,39 ; 483,33 ; 475,75 ; 543,20 ; 675,98 ; 693,82 ; 736,53 ; 775,39 ; 861,97 ; 963,06 ; 1.022,75 ; 939,13 ; 953,01 ; 986,67 ; 1.023,11 ; 1.063,32 ; 1.117,42 ; 1.159,86 ; 1.207,85 ; 250,33 
Albania;ALB; 200,85 ; 367,28 ; 586,42 ; 750,60 ; 1.009,98 ; 717,38 ; 813,79 ; 1.033,24 ; 1.126,68 ; 1.281,66 ; 1.425,12 ; 1.846,12 ; 2.373,58 ; 2.673,79 ; 2.972,74 ; 3.595,04 ; 4.370,54 ; 4.114,13 ; 4.094,35 ; 4.437,14 ; 4.247,63 ; 4.413,06 ; 4.578,63 ; 3.952,80 ; 4.124,06 ; 4.531,03 ; 5.365,49 ; 5.460,43 ; 5.370,78 ; 6.413,28 ; 6.846,43 ; 200,85 
Brunei;BRU; 23.450,90 ; 22.397,07 ; 22.766,59 ; 26.443,26 ; 25.692,24 ; 25.522,40 ; 17.769,25 ; 19.752,20 ; 20.130,26 ; 18.287,83 ; 18.621,29 ; 20.677,90 ; 24.423,09 ; 29.386,27 ; 34.674,80 ; 36.217,33 ; 42.156,57 ; 30.946,47 ; 34.937,56 ; 46.382,83 ; 46.968,60 ; 44.003,06 ; 41.026,51 ; 30.625,13 ; 26.663,30 ; 28.024,38 ; 30.988,12 ; 30.426,57 ; 26.834,36 ; 31.006,96 ; 36.632,93 ; 32.962,91 
Saint Kitts;SKN; 5.947,12 ; 6.395,31 ; 7.065,28 ; 7.406,44 ; 7.788,43 ; 8.626,72 ; 8.710,79 ; 9.116,29 ; 9.319,66 ; 10.022,59 ; 10.453,66 ; 10.175,63 ; 10.944,62 ; 11.783,79 ; 13.837,85 ; 14.757,96 ; 16.604,94 ; 16.503,41 ; 16.622,95 ; 17.832,46 ; 17.532,06 ; 18.580,13 ; 20.219,40 ; 20.328,80 ; 21.387,54 ; 22.464,99 ; 22.901,38 ; 23.595,49 ; 18.859,02 ; 18.361,14 ; 21.011,57 ; 22.573,67 
Saint Vincent;VIN; 2.470,52 ; 2.539,65 ; 2.563,25 ; 2.795,36 ; 2.930,44 ; 3.073,78 ; 3.301,10 ; 3.446,52 ; 3.768,96 ; 4.071,09 ; 4.303,28 ; 4.499,61 ; 4.873,49 ; 5.157,39 ; 5.744,83 ; 6.398,19 ; 6.598,91 ; 6.463,79 ; 6.551,97 ; 6.527,69 ; 6.713,81 ; 7.072,47 ; 7.168,83 ; 7.353,74 ; 7.656,90 ; 7.988,04 ; 8.428,13 ; 8.743,33 ; 8.395,10 ; 8.481,31 ; 9.471,15 ; 10.520,44 
Yemen;YEM; 1.198,13 ; 1.396,62 ; 1.735,04 ; 764,41 ; 375,21 ; 382,58 ; 342,74 ; 401,45 ; 493,24 ; 487,14 ; 513,24 ; 548,91 ; 627,63 ; 734,16 ; 809,71 ; 890,31 ; 1.071,64 ; 969,24 ; 1.155,20 ; 1.186,48 ; 1.245,05 ; 1.378,75 ; 1.430,16 ; 1.362,17 ; 975,36 ; 811,17 ; 633,89 ; 623,38 ; 559,56 ; 522,17 ; 615,70 ; 477,41 
Guam;GUM; 18.483,00 ; 18.665,00 ; 18.902,00 ; 19.098,00 ; 19.377,00 ; 18.800,00 ; 18.498,00 ; 19.000,00 ; 19.550,00 ; 20.200,00 ; 20.909,96 ; 21.877,32 ; 23.618,83 ; 25.631,98 ; 25.709,94 ; 26.605,43 ; 28.112,23 ; 29.054,06 ; 29.719,80 ; 29.926,21 ; 31.653,75 ; 32.530,76 ; 33.900,15 ; 35.165,70 ; 35.930,66 ; 36.779,01 ; 37.195,95 ; 39.274,94 ; 36.482,94 ; 38.074,88 ; 41.833,15 ; 42.227,00 
Cayman Islands;CAY; 47.310,00 ; 48.521,00 ; 50.364,00 ; 52.096,00 ; 54.223,00 ; 56.754,00 ; 71.709,00 ; 75.009,00 ; 75.700,00 ; 75.018,00 ; 75.656,00 ; 75.942,00 ; 77.481,00 ; 85.813,00 ; 87.085,09 ; 89.888,26 ; 89.655,12 ; 81.373,57 ; 76.837,67 ; 75.280,96 ; 75.101,59 ; 75.113,73 ; 75.845,31 ; 76.379,21 ; 77.802,25 ; 80.053,94 ; 83.865,55 ; 88.254,29 ; 82.338,80 ; 86.438,45 ; 92.202,15 ; 92.100,00 
Democratic Republic of the Congo;COD; 209,19 ; 263,37 ; 136,54 ; 127,01 ; 127,42 ; 132,32 ; 131,46 ; 96,32 ; 377,93 ; 142,68 ; 162,38 ; 161,49 ; 180,66 ; 203,56 ; 238,42 ; 267,89 ; 307,32 ; 280,80 ; 314,54 ; 364,71 ; 400,06 ; 431,19 ; 458,00 ; 467,91 ; 442,31 ; 436,58 ; 528,26 ; 557,04 ; 507,52 ; 558,03 ; 642,61 ; 627,50 
San Marino;SMR; 38.518,87 ; 33.718,58 ; 36.051,23 ; 40.533,00 ; 46.072,62 ; 37.852,97 ; 40.126,93 ; 41.931,80 ; 37.600,71 ; 39.035,10 ; 41.790,84 ; 52.529,91 ; 58.232,02 ; 59.877,80 ; 63.270,78 ; 70.124,46 ; 75.902,13 ; 62.428,99 ; 56.543,19 ; 55.601,39 ; 47.945,90 ; 50.807,83 ; 51.260,49 ; 43.146,82 ; 44.359,48 ; 45.192,03 ; 47.950,69 ; 46.627,01 ; 44.426,65 ; 54.168,98 ; 54.264,57 ; 61.520,00 
Laos;LAO; 247,35 ; 283,40 ; 320,97 ; 357,76 ; 371,34 ; 339,09 ; 243,92 ; 272,33 ; 318,75 ; 320,32 ; 313,35 ; 355,10 ; 409,30 ; 466,06 ; 579,39 ; 697,32 ; 885,75 ; 935,03 ; 1.125,92 ; 1.361,55 ; 1.563,57 ; 1.812,52 ; 1.981,04 ; 2.121,01 ; 2.303,22 ; 2.432,43 ; 2.545,11 ; 2.589,32 ; 2.583,78 ; 2.526,05 ; 2.046,40 ; 2.066,95 
Cape Verde;CPV; 907,85 ; 1.220,05 ; 991,11 ; 1.165,14 ; 1.179,52 ; 1.133,57 ; 1.186,74 ; 1.326,74 ; 1.189,51 ; 1.223,33 ; 1.328,58 ; 1.717,98 ; 1.929,49 ; 2.004,15 ; 2.257,00 ; 3.324,58 ; 3.908,65 ; 3.659,72 ; 3.579,46 ; 4.002,01 ; 3.736,82 ; 3.960,98 ; 3.985,61 ; 3.415,06 ; 3.608,97 ; 3.893,10 ; 4.294,97 ; 4.380,78 ; 3.539,23 ; 3.971,44 ; 4.323,31 ; 4.850,98 
Saint Lucia;LCA; 4.759,84 ; 4.764,72 ; 4.892,07 ; 5.147,92 ; 5.244,02 ; 5.282,37 ; 5.672,51 ; 5.882,83 ; 5.879,56 ; 5.570,45 ; 5.567,89 ; 6.058,61 ; 6.494,60 ; 6.863,44 ; 7.611,18 ; 7.964,38 ; 8.516,96 ; 8.250,52 ; 8.673,69 ; 9.128,99 ; 9.260,30 ; 9.576,23 ; 10.044,82 ; 10.334,92 ; 10.638,19 ; 11.333,20 ; 11.642,74 ; 11.794,21 ; 8.411,20 ; 10.459,13 ; 13.103,76 ; 13.554,67 
Micronesia;FSM; 1.699,33 ; 1.853,06 ; 1.856,52 ; 2.010,12 ; 1.973,94 ; 1.860,31 ; 1.965,16 ; 1.971,17 ; 2.081,97 ; 2.144,54 ; 2.156,71 ; 2.185,80 ; 2.146,40 ; 2.246,45 ; 2.289,75 ; 2.336,98 ; 2.415,59 ; 2.596,26 ; 2.761,24 ; 2.890,50 ; 3.033,17 ; 2.933,88 ; 2.945,41 ; 2.911,16 ; 2.979,60 ; 3.279,11 ; 3.566,59 ; 3.572,66 ; 3.353,89 ; 3.493,87 ; 3.835,38 ; 4.084,17 
Antigua;ANT; 8.153,28 ; 8.624,17 ; 9.351,04 ; 9.033,93 ; 9.755,66 ; 10.335,84 ; 10.906,52 ; 11.341,93 ; 12.021,46 ; 11.535,77 ; 11.657,35 ; 12.171,38 ; 13.036,01 ; 14.366,29 ; 16.172,25 ; 18.203,52 ; 18.785,47 ; 16.471,37 ; 15.216,31 ; 14.841,97 ; 15.208,66 ; 15.050,71 ; 15.533,48 ; 16.080,66 ; 16.557,84 ; 16.924,79 ; 18.273,43 ; 18.884,37 ; 15.360,45 ; 17.340,38 ; 20.117,77 ; 21.787,10 
Republic of Congo;CGO; 1.164,22 ; 1.034,37 ; 661,90 ; 769,61 ; 898,79 ; 804,30 ; 660,38 ; 776,42 ; 1.024,30 ; 854,60 ; 905,54 ; 1.016,82 ; 1.306,10 ; 1.799,05 ; 2.103,58 ; 2.206,47 ; 2.832,09 ; 2.271,15 ; 2.946,56 ; 3.396,17 ; 3.732,33 ; 3.697,42 ; 3.601,24 ; 2.439,35 ; 2.093,11 ; 2.211,63 ; 2.694,43 ; 2.488,42 ; 1.993,59 ; 2.516,16 ; 2.620,84 ; 2.477,98 
Boliva;BOL; 759,57 ; 756,64 ; 774,04 ; 852,75 ; 922,11 ; 970,35 ; 1.022,15 ; 979,34 ; 975,78 ; 930,17 ; 888,22 ; 893,01 ; 953,19 ; 1.020,12 ; 1.202,71 ; 1.354,55 ; 1.692,67 ; 1.731,18 ; 1.929,78 ; 2.315,52 ; 2.575,60 ; 2.870,02 ; 3.041,44 ; 2.996,01 ; 3.035,87 ; 3.306,30 ; 3.500,73 ; 3.503,90 ; 3.099,94 ; 3.384,84 ; 3.643,93 ; 3.686,28 
Gambia;GAM; 623,49 ; 635,36 ; 608,28 ; 621,68 ; 651,78 ; 600,22 ; 610,23 ; 575,46 ; 538,05 ; 459,80 ; 376,53 ; 308,72 ; 593,29 ; 616,48 ; 614,54 ; 724,73 ; 859,13 ; 774,89 ; 801,03 ; 710,61 ; 692,58 ; 653,86 ; 568,00 ; 619,54 ; 650,06 ; 642,52 ; 696,22 ; 738,19 ; 720,34 ; 781,89 ; 836,24 ; 888,16 
Curacao;AHO; 10.574,00 ; 10.878,00 ; 11.132,00 ; 11.458,00 ; 11.903,00 ; 12.479,00 ; 12.490,00 ; 13.744,00 ; 15.841,26 ; 16.609,85 ; 16.723,69 ; 16.695,74 ; 16.671,34 ; 17.032,34 ; 17.400,16 ; 18.005,72 ; 19.423,34 ; 19.540,25 ; 19.847,23 ; 19.426,33 ; 19.809,82 ; 19.721,29 ; 19.623,03 ; 19.361,81 ; 18.944,10 ; 18.938,24 ; 19.119,12 ; 19.220,69 ; 16.356,09 ; 17.980,09 ; 20.501,75 ; 22.192,45 
North Korea;PRK; 1.192,00 ; 1.098,00 ; 935,00 ; 789,00 ; 765,00 ; 658,00 ; 577,00 ; 410,00 ; 485,00 ; 517,00 ; 482,00 ; 406,00 ; 370,00 ; 429,00 ; 447,00 ; 426,00 ; 366,00 ; 347,00 ; 421,00 ; 449,00 ; 491,00 ; 492,00 ; 514,00 ; 574,00 ; 590,00 ; 595,00 ; 673,00 ; 685,00 ; 695,00 ; 620,00 ; 605,00 ; 630,00 