,price_USD,revenue,publisherClass
0,99.99,8055097.0,AAA
1,59.99,7882151.0,Indie
2,49.99,7815247.0,Indie
3,19.99,7756399.0,Indie
4,59.99,7629252.0,AA
5,29.99,7540563.0,Indie
6,29.99,7534369.0,Indie
7,29.99,7481940.0,Indie
8,29.99,7091792.0,Indie
9,29.99,6950952.0,AA
10,49.99,6828446.0,AA
11,24.99,6420393.0,Indie
12,29.99,6381185.0,AAA
13,35.01,6048340.0,Indie
14,29.99,5719324.0,Indie
15,59.99,5516030.0,AA
16,19.99,5478333.0,Indie
17,29.99,5475592.0,Indie
18,24.99,5312327.0,AA
19,24.99,5058868.0,Indie
20,24.99,4810868.0,Indie
21,49.99,4747832.0,AAA
22,0.0,4707782.0,Indie
23,12.99,4663468.0,Indie
24,19.99,4644684.0,Indie
25,17.99,4552032.0,Indie
26,0.0,4523839.944318563,Indie
27,0.0,4263470.0,Indie
28,24.99,4238137.0,Indie
29,14.99,4161183.0,Indie
30,24.99,4113334.0,Indie
31,17.99,4047331.0,Indie
32,19.99,4042356.0,Indie
33,29.99,3991591.0,AA
34,49.99,3953243.0,AA
35,32.99,3740762.0,Indie
36,9.99,3689551.0,Indie
37,20.99,3559827.0,Indie
38,49.99,3465018.0,AAA
39,34.99,3428483.0,AA
40,44.99,3406127.0,Indie
41,49.99,3387809.0,AA
42,2.99,3369649.0,Indie
43,13.99,3342356.0,Indie
44,12.99,3322822.0,Indie
45,19.99,3272209.0,AA
46,29.99,3262820.0,Indie
47,19.99,3262379.0,Indie
48,69.99,3182368.0,AAA
49,10.99,3180800.0,AA
50,17.99,263733.0,Indie
51,19.99,263197.0,Indie
52,24.99,263004.0,Indie
53,4.99,262728.0,Indie
54,19.99,260940.0,Indie
55,8.99,260449.0,Indie
56,0.0,259513.0,Indie
57,9.99,259157.0,Indie
58,29.99,258574.0,Indie
59,29.99,256387.0,Indie
60,21.99,256071.0,Indie
61,13.99,255512.0,Indie
62,19.99,255441.0,AA
63,29.99,254966.0,Indie
64,24.99,253627.0,Indie
65,19.99,252953.0,Indie
66,19.99,251556.0,Indie
67,14.99,250950.0,Indie
68,19.99,249767.0,Indie
69,9.99,249274.0,Indie
70,39.99,248804.0,Indie
71,7.99,243845.0,Indie
72,19.99,241254.0,Indie
73,9.99,240922.0,Indie
74,4.99,239666.0,Indie
75,24.99,237361.0,Indie
76,0.0,235863.0,Indie
77,19.99,235724.0,Indie
78,4.99,235604.0,Indie
79,15.99,235479.0,Indie
80,5.99,232416.0,Indie
81,14.99,230628.0,AA
82,19.99,229922.0,Indie
83,11.99,227666.0,Indie
84,11.99,227642.0,Indie
85,14.99,225541.0,Indie
86,19.99,224409.0,Indie
87,6.99,224151.0,Indie
88,16.99,223483.0,Indie
89,12.99,223470.0,Indie
90,24.99,222603.0,Indie
91,14.99,222412.0,Indie
92,0.0,221326.0,Indie
93,49.99,220924.0,AA
94,19.99,220170.0,Indie
95,14.99,219632.0,Indie
96,39.99,218599.0,AA
97,9.99,218518.0,Indie
98,24.99,218069.0,Indie
99,13.99,218047.0,Indie
100,39.99,217345.0,Indie
101,14.99,217085.0,Indie
102,39.99,217025.0,Indie
103,11.99,216851.0,Indie
104,13.99,216265.0,Indie
105,19.99,215401.0,Indie
106,29.99,214688.0,AA
107,14.99,214566.0,Indie
108,12.99,213201.0,Indie
109,29.99,212197.0,Indie
110,8.99,210967.0,Indie
111,39.99,208625.0,AA
112,32.0,208569.0,Indie
113,19.99,208558.0,Indie
114,15.99,207588.0,Indie
115,9.99,207390.0,Indie
116,6.99,206875.0,Indie
117,0.0,205131.0,Indie
118,7.99,202570.0,Indie
119,7.99,202048.0,Indie
120,14.99,201940.0,Indie
121,19.99,200632.0,Indie
122,4.99,199035.0,Indie
123,19.99,198731.0,Indie
124,9.99,198689.0,Indie
125,19.99,198058.0,Indie
126,10.99,197843.0,Indie
127,10.99,197661.0,Indie
128,11.99,195942.0,Indie
129,17.99,195795.0,Indie
130,19.99,195440.0,Indie
131,17.99,194382.0,Indie
132,0.0,193594.0,AAA
133,11.99,193532.0,Indie
134,19.99,191108.0,Indie
135,7.99,189258.0,Indie
136,11.99,188260.0,Indie
137,18.99,187908.0,Indie
138,18.99,186670.0,Indie
139,0.0,184743.0,Indie
140,16.99,184444.0,Indie
141,11.99,183781.0,Indie
142,9.99,183531.0,Indie
143,11.99,182797.0,Indie
144,9.99,182249.0,Indie
145,19.99,181284.0,Indie
146,24.99,180957.0,Indie
147,34.99,180254.0,Indie
148,12.99,180236.0,Indie
149,12.99,179792.0,Indie
150,17.99,179743.0,Indie
151,39.99,179703.0,Indie
152,9.99,179631.0,Indie
153,8.99,179352.0,Indie
154,5.99,178996.0,Indie
155,49.99,178950.0,AAA
156,14.99,177736.0,Indie
157,11.99,176781.0,Indie
158,5.99,175228.0,Indie
159,9.99,175194.0,Indie
160,9.99,174298.0,Indie
161,14.99,174069.0,Indie
162,3.99,173665.0,Indie
163,17.99,173502.0,Indie
164,24.99,173471.0,Indie
165,34.99,173273.0,Indie
166,14.99,172919.0,Indie
167,19.99,172222.0,AA
168,19.99,171463.0,Indie
169,4.99,171352.0,Indie
170,11.99,171160.0,Indie
171,14.99,170271.0,Indie
172,19.99,170266.0,Indie
173,13.99,169800.0,Indie
174,39.99,169077.0,AA
175,19.99,168841.0,Indie
176,19.99,167966.0,Indie
177,19.99,167966.0,Indie
178,19.99,167966.0,Indie
179,14.99,166819.0,Indie
180,12.99,165452.0,Indie
181,19.99,165375.0,Indie
182,19.99,163926.0,Indie
183,5.99,163793.0,Indie
184,14.99,163789.0,Indie
185,19.99,163307.0,Indie
186,14.99,163296.0,Indie
187,24.99,162429.0,Indie
188,22.99,160313.0,Indie
189,19.99,159911.0,Indie
190,6.99,158283.0,Indie
191,0.0,158090.0,Indie
192,6.99,157941.0,Indie
193,9.99,157701.0,Indie
194,39.99,157178.0,AA
195,19.99,156773.0,Indie
196,29.99,155061.0,Indie
197,1.99,153860.0,Indie
198,19.99,153619.0,AA
199,14.99,153346.0,Indie
200,9.99,152748.0,Indie
201,0.0,151939.1911440809,Indie
202,18.99,151439.0,Indie
203,3.99,151366.0,Indie
204,18.99,151064.0,Indie
205,19.99,149494.0,Indie
206,19.99,148767.0,Indie
207,4.99,147185.0,Indie
208,14.99,146384.0,Indie
209,10.99,146188.0,Indie
210,5.99,145765.0,Indie
211,0.0,145540.0,Indie
212,4.99,145336.0,AA
213,14.99,144122.0,Indie
214,18.35,144011.0,Indie
215,12.99,143830.0,Indie
216,14.99,143625.0,Indie
217,14.99,143445.0,Indie
218,5.99,143115.0,Indie
219,9.99,142092.0,Indie
220,15.99,141787.0,Indie
221,11.99,140951.0,Indie
222,10.99,140940.0,Indie
223,9.99,140690.0,Indie
224,7.99,140013.0,Indie
225,0.0,138164.27473883974,Indie
226,21.99,138039.0,Indie
227,14.99,137489.0,Indie
228,14.99,137453.0,Indie
229,24.99,136381.0,Indie
230,8.99,135974.0,Indie
231,29.99,135445.0,Indie
232,11.99,134665.0,Indie
233,4.99,134579.0,Indie
234,19.99,134478.0,Indie
235,49.99,133582.0,Indie
236,19.99,133472.0,Indie
237,16.99,132527.0,AA
238,17.99,132521.0,Indie
239,9.99,132333.0,Indie
240,6.99,132078.0,Indie
241,9.25,131680.0,Indie
242,21.99,131175.0,Indie
243,14.99,130913.0,Indie
244,17.9,129987.0,Indie
245,19.99,129800.0,Indie
246,5.99,129211.0,Indie
247,17.99,129153.0,Indie
248,5.99,128483.0,Indie
249,19.99,127676.0,Indie
250,12.99,126481.0,Indie
251,9.99,126462.0,Indie
252,14.99,126302.0,Indie
253,7.99,125882.0,Indie
254,19.99,124545.0,Indie
255,4.99,124273.0,AAA
256,19.99,124094.0,Indie
257,4.99,124033.0,Indie
258,19.99,123977.0,Indie
259,15.99,123743.0,Indie
260,9.99,122952.0,Indie
261,29.99,122358.0,Indie
262,8.99,122090.0,Indie
263,24.99,121847.0,Indie
264,0.0,120624.0,Indie
265,12.99,119970.0,Indie
266,19.99,119956.0,Indie
267,16.99,119615.0,AA
268,24.99,119403.0,Indie
269,9.99,118127.0,AA
270,6.99,117466.0,Indie
271,24.99,117246.0,AA
272,14.99,117115.0,Indie
273,1.99,117047.0,Indie
274,19.99,116875.0,Indie
275,19.99,116681.0,Indie
276,12.49,116257.0,Indie
277,8.99,115933.0,Indie
278,7.99,115876.0,Indie
279,3.99,114851.0,Indie
280,6.99,114460.0,Indie
281,4.99,114434.0,AA
282,19.99,114045.0,Indie
283,19.99,113468.0,Indie
284,13.99,113195.0,Indie
285,10.99,113186.0,Indie
286,11.99,112737.0,Indie
287,4.99,112651.0,AAA
288,14.99,112505.0,Indie
289,12.99,112150.0,Indie
290,17.99,112147.0,Indie
291,24.99,111979.0,Indie
292,49.99,111912.0,Indie
293,29.99,111658.0,Indie
294,17.99,111604.0,Indie
295,19.99,111599.0,Indie
296,15.99,111150.0,Indie
297,16.99,110885.0,Indie
298,15.99,110745.0,Indie
299,6.5,110721.0,Indie
300,19.99,109973.0,Indie
301,4.99,109304.0,Indie
302,7.99,108802.0,Indie
303,6.99,108603.0,Indie
304,6.99,108551.0,Indie
305,15.99,108249.0,Indie
306,0.0,107932.0,Indie
307,19.99,107442.0,Indie
308,5.49,107153.0,Indie
309,9.99,106342.0,Indie
310,24.99,106200.0,Indie
311,24.99,106071.0,Indie
312,19.99,105983.0,Indie
313,9.99,105834.0,Indie
314,9.99,105556.0,Indie
315,10.99,105087.0,Indie
316,19.99,104827.0,Indie
317,9.99,104104.0,Indie
318,14.99,103914.0,Indie
319,19.99,103875.0,Indie
320,7.99,103498.0,Indie
321,8.99,103268.0,Indie
322,24.99,103232.0,Indie
323,19.99,103206.0,Indie
324,39.99,103113.0,Indie
325,39.99,103057.0,Indie
326,24.99,102837.0,Indie
327,24.99,102217.0,Indie
328,24.99,101998.0,Indie
329,7.99,101925.0,Indie
330,24.99,101371.0,Indie
331,19.99,101324.0,Indie
332,8.99,101261.0,Indie
333,19.99,101051.0,Indie
334,13.99,100118.0,Indie
335,11.99,99794.0,Indie
336,19.99,99704.0,Indie
337,19.99,99360.0,Indie
338,19.99,99105.0,Indie
339,3.99,98977.0,Indie
340,14.99,98718.0,Indie
341,16.99,98647.0,Indie
342,19.99,98573.0,Indie
343,7.99,98378.0,Indie
344,14.99,97527.0,Indie
345,14.99,97404.0,Indie
346,24.99,97228.0,Indie
347,14.99,97203.0,Indie
348,18.99,95671.0,Indie
349,9.99,95478.0,Indie
350,9.99,94839.0,Indie
351,6.99,94804.0,Indie
352,15.99,94711.0,Indie
353,3.99,94355.0,Indie
354,19.99,93469.0,Indie
355,10.99,93379.0,Indie
356,0.0,92977.0,Indie
357,29.99,92768.0,AA
358,19.99,92665.0,AA
359,12.99,92662.0,Indie
360,0.0,92146.0,Indie
361,17.99,91150.0,Indie
362,12.99,90795.0,Indie
363,14.99,90751.0,Indie
364,4.99,90620.0,Indie
365,19.99,90446.0,Indie
366,12.99,90157.0,Indie
367,54.99,89539.0,Indie
368,49.99,88877.0,AAA
369,24.99,88683.0,AA
370,19.99,88551.0,Indie
371,14.99,88271.0,Indie
372,14.99,87827.0,Indie
373,29.99,87251.0,Indie
374,24.99,87128.0,Indie
375,14.99,87084.0,Indie
376,6.99,87038.0,Indie
377,19.99,86902.0,Indie
378,4.99,86829.0,Indie
379,15.99,86660.0,AA
380,13.99,86608.0,Indie
381,19.99,86377.0,Indie
382,17.99,86169.0,Indie
383,24.99,85885.0,Indie
384,0.0,85835.0,Indie
385,44.99,85274.0,Indie
386,5.99,85154.0,Indie
387,6.99,85060.0,Indie
388,9.99,84846.0,Indie
389,9.99,84708.0,Indie
390,9.99,84104.0,Indie
391,6.99,83942.0,Indie
392,14.99,83875.0,Indie
393,19.99,83756.0,Indie
394,11.99,83727.0,Indie
395,14.99,83552.0,Indie
396,19.99,82715.0,Indie
397,9.99,82653.0,Indie
398,9.99,81316.0,Indie
399,19.99,80472.0,Indie
400,7.99,80323.0,Indie
401,6.99,80184.0,Indie
402,29.99,80055.0,Indie
403,17.99,79862.0,Indie
404,9.99,79636.0,Indie
405,6.99,79632.0,AA
406,20.0,79600.0,Indie
407,14.99,79552.0,Indie
408,6.99,79363.0,Indie
409,24.99,79354.0,AA
410,19.99,78981.0,Indie
411,12.99,78886.0,Indie
412,13.99,78871.0,Indie
413,14.99,78504.0,Indie
414,29.99,78165.0,Indie
415,24.99,78067.0,Indie
416,19.99,78048.0,Indie
417,12.99,77800.0,Indie
418,14.99,77507.0,Indie
419,19.99,77493.0,Indie
420,6.99,76991.0,Indie
421,24.99,76979.0,Indie
422,24.99,76979.0,Indie
423,24.99,76979.0,Indie
424,0.0,76971.0,Indie
425,4.99,76628.0,Indie
426,17.99,76619.0,Indie
427,4.99,76256.0,Indie
428,9.99,75575.0,Indie
429,2.99,75559.0,Indie
430,29.99,75115.0,AA
431,11.99,74807.0,Indie
432,34.99,74572.0,Indie
433,29.99,74220.0,Indie
434,9.99,74140.0,Indie
435,17.99,73977.0,AA
436,9.99,73926.0,Indie
437,59.99,73845.0,AA
438,9.99,73725.0,Indie
439,9.99,73720.0,Indie
440,9.99,73563.0,Indie
441,10.99,73464.0,Indie
442,19.99,73449.0,Indie
443,39.99,73248.0,AA
444,17.99,73029.0,Indie
445,19.99,73024.0,Indie
446,9.99,72746.0,Indie
447,24.99,72642.0,Indie
448,24.99,72549.0,Indie
449,2.99,72453.0,Indie
450,12.99,72346.0,Indie
451,24.99,72271.0,Indie
452,0.0,72154.0,Indie
453,2.99,72149.0,Indie
454,14.99,72013.0,Indie
455,19.99,71874.0,Indie
456,19.99,71794.0,Indie
457,19.99,71794.0,Indie
458,19.99,71794.0,Indie
459,9.99,71342.0,Indie
460,2.99,71247.0,Indie
461,19.99,70779.0,AA
462,24.99,70723.0,Indie
463,11.99,70667.0,Indie
464,39.99,70650.0,AA
465,29.99,70561.0,Indie
466,19.99,70526.0,Indie
467,4.99,70517.0,Indie
468,24.99,70380.0,Indie
469,14.99,70247.0,Indie
470,9.99,70215.0,Indie
471,9.99,70127.0,Indie
472,19.99,70094.0,Indie
473,11.99,69687.0,Indie
474,4.99,69616.0,Indie
475,4.99,69495.0,Indie
476,5.99,68967.0,Indie
477,14.99,68584.0,Indie
478,23.99,68091.0,Indie
479,14.99,68004.0,Indie
480,16.99,67981.0,Indie
481,9.99,67956.0,Indie
482,6.99,67755.0,Indie
483,11.99,67732.0,Indie
484,9.99,67713.0,Indie
485,14.99,67643.0,Indie
486,8.99,67599.0,Indie
487,4.99,67473.0,Indie
488,9.99,67468.0,Indie
489,24.99,67386.0,Indie
490,14.99,67132.0,Indie
491,14.99,66935.0,Indie
492,6.99,66927.0,Indie
493,3.5,66829.0,Indie
494,29.99,66782.0,Indie
495,24.99,66573.0,Indie
496,14.99,66322.0,Indie
497,6.99,66300.0,Indie
498,9.99,66052.0,Indie
499,29.99,66026.0,AA
500,19.99,65739.0,Indie
501,15.99,65723.0,Indie
502,19.99,65693.0,Indie
503,19.99,65271.0,Indie
504,3.49,65249.0,Indie
505,0.0,65173.0,AAA
506,9.99,65063.0,Indie
507,19.99,65028.0,Indie
508,9.99,64931.0,Indie
509,9.99,64494.0,Indie
510,12.99,64472.0,Indie
511,7.99,64395.0,Indie
512,12.49,64320.0,Indie
513,19.99,64291.0,Indie
514,24.99,64035.0,Indie
515,3.99,63683.0,Indie
516,0.0,63264.0,Indie
517,2.99,63246.0,Indie
518,12.99,63223.0,Indie
519,19.99,62891.0,Indie
520,9.99,62883.0,Indie
521,34.99,62867.0,AA
522,7.0,62659.0,Indie
523,14.99,62520.0,Indie
524,6.99,62500.0,Indie
525,5.99,62445.0,Indie
526,8.99,62413.0,Indie
527,19.99,62346.0,Indie
528,19.99,62334.0,Indie
529,4.99,62317.0,Indie
530,9.99,62138.0,Indie
531,7.99,62059.0,Indie
532,9.99,61946.0,Indie
533,0.0,61737.0,Indie
534,19.99,61496.0,Indie
535,24.99,61396.0,Indie
536,14.99,61289.0,Indie
537,16.99,61223.0,Indie
538,19.99,61087.0,Indie
539,13.99,61068.0,Indie
540,0.0,60846.0,Indie
541,8.99,60731.0,Indie
542,9.99,60707.0,Indie
543,19.99,60574.0,Indie
544,14.99,60485.0,Indie
545,15.99,60119.0,Indie
546,14.99,60002.0,Indie
547,14.99,59978.0,Indie
548,19.99,59887.0,Indie
549,34.99,59790.0,AA
550,24.99,59625.0,Indie
551,39.99,59473.0,Indie
552,12.99,59464.0,Indie
553,11.99,59390.0,Indie
554,4.99,59326.0,Indie
555,2.99,59016.0,Indie
556,29.99,3139302.0,Indie
557,0.0,3087626.0,Indie
558,29.99,3080764.0,Indie
559,24.99,3008517.0,Indie
560,24.99,2986028.0,Indie
561,29.99,2981479.0,AA
562,54.99,2934588.0,Indie
563,59.99,2846837.0,AA
564,17.99,2827661.0,Indie
565,14.99,2771018.0,Indie
566,24.99,2766205.0,Indie
567,39.99,2739562.0,AA
568,39.99,2689142.0,AAA
569,11.99,2686565.0,Indie
570,11.99,2686565.0,Indie
571,19.99,2678385.0,Indie
572,14.99,2657104.0,Indie
573,19.99,2639042.0,Indie
574,0.0,2562503.7123580766,Indie
575,34.99,2562417.0,Indie
576,24.99,2547970.0,Indie
577,14.99,2512969.0,Indie
578,29.99,2465573.0,AAA
579,0.0,2460116.0,Indie
580,39.99,2451023.0,Indie
581,19.99,2449168.0,Indie
582,19.99,2443731.0,Indie
583,29.99,2442964.0,AA
584,14.99,2346551.0,Indie
585,39.99,2314221.0,Indie
586,59.99,2299213.0,Indie
587,29.99,2265184.0,AA
588,24.99,2255205.0,Indie
589,49.99,2247373.0,AA
590,59.99,2207967.0,AA
591,0.0,2197863.0,Indie
592,24.99,2172825.0,Indie
593,19.99,2159417.0,AA
594,14.99,2112751.0,Indie
595,4.99,2094731.0,Indie
596,39.99,2060085.0,AA
597,0.0,2044690.0,Indie
598,29.99,2033656.0,AA
599,24.99,2002691.0,Indie
600,29.99,1998591.0,AA
601,39.99,1967699.0,AA
602,6.99,1945765.0,Indie
603,27.99,1913709.0,Indie
604,69.99,1902618.0,AAA
605,19.99,1900409.0,AA
606,59.99,1898159.0,AA
607,59.99,1898159.0,AA
608,4.99,58819.0,Indie
609,10.99,58776.0,Indie
610,12.99,58736.0,Indie
611,19.99,58487.0,Indie
612,7.99,58380.0,Indie
613,8.99,58249.0,Indie
614,4.99,58248.0,Indie
615,39.99,58243.0,Indie
616,19.99,58027.0,Indie
617,4.99,58010.0,Indie
618,12.99,57974.0,Indie
619,4.99,57919.0,AAA
620,7.99,57880.0,Indie
621,9.99,57683.0,Indie
622,7.99,57614.0,Indie
623,11.99,57464.0,Indie
624,0.0,57436.540278163455,Indie
625,8.99,57387.0,Indie
626,8.99,57387.0,Indie
627,4.99,57371.0,Indie
628,3.99,57163.0,Indie
629,4.99,57114.0,Indie
630,9.99,57000.0,Indie
631,14.99,56928.0,Indie
632,29.99,56826.0,Indie
633,6.99,56611.0,Indie
634,2.99,56542.0,Indie
635,5.99,56264.0,Indie
636,19.99,56222.0,AA
637,19.99,56116.0,Indie
638,5.99,56109.0,Indie
639,24.99,56094.0,Indie
640,9.99,56018.0,Indie
641,19.99,55934.0,Indie
642,19.99,55837.0,Indie
643,9.99,55727.0,Indie
644,29.99,55543.0,Indie
645,14.99,55440.0,Indie
646,7.99,55429.0,Indie
647,29.99,55324.0,Indie
648,3.99,55254.0,Indie
649,7.99,55093.0,Indie
650,12.99,54904.0,Indie
651,6.99,54805.0,Indie
652,4.99,54457.0,Indie
653,9.99,54356.0,Indie
654,9.99,54348.0,Indie
655,6.99,54316.0,Indie
656,22.99,54293.0,Indie
657,14.99,54185.0,AAA
658,19.99,54015.0,Indie
659,14.99,53847.0,Indie
660,19.99,53836.0,Indie
661,9.99,53711.0,Indie
662,11.99,53606.0,Indie
663,12.45,53577.0,Indie
664,11.99,53520.0,Indie
665,5.99,53201.0,Indie
666,7.99,53194.0,Indie
667,6.99,53093.0,Indie
668,14.99,53038.0,Indie
669,2.99,52877.0,Indie
670,9.99,52803.0,Indie
671,19.99,52635.0,Indie
672,24.99,52578.0,Indie
673,39.99,52181.0,AA
674,29.99,52146.0,Indie
675,19.99,51994.0,Indie
676,7.99,51747.0,Indie
677,13.99,51562.0,Indie
678,8.99,51514.0,Indie
679,4.99,51396.0,AA
680,12.99,51368.0,Indie
681,9.99,51305.0,Indie
682,11.99,51279.0,Indie
683,9.99,51169.0,Indie
684,12.0,51096.0,Indie
685,9.99,51051.0,Indie
686,15.99,50813.0,Indie
687,15.99,50645.0,Indie
688,14.99,50297.0,Indie
689,6.99,50253.0,Indie
690,14.99,50242.0,Indie
691,8.99,50240.0,Indie
692,6.99,50102.0,Indie
693,0.0,49957.0,Indie
694,7.99,49651.0,Indie
695,9.99,49590.0,Indie
696,0.0,49428.0,Indie
697,6.99,49239.0,Indie
698,19.99,49191.0,Indie
699,17.99,49173.0,Indie
700,12.99,49153.0,Indie
701,0.0,49147.0,Indie
702,15.99,49054.0,Indie
703,12.99,49036.0,Indie
704,11.99,49026.0,Indie
705,19.99,49010.0,Indie
706,14.99,48929.0,Indie
707,9.99,48853.0,Indie
708,1.99,48823.0,Indie
709,14.99,48781.0,AA
710,19.99,48668.0,Indie
711,9.99,48572.0,Indie
712,11.99,48495.0,Indie
713,12.99,48490.0,Indie
714,9.99,48382.0,Indie
715,24.99,48303.0,Indie
716,10.99,48270.0,Indie
717,4.99,48107.0,Indie
718,6.99,47875.0,Indie
720,19.99,47790.0,Indie
721,6.99,47737.0,Indie
722,19.99,47476.0,Indie
723,19.99,47037.0,Indie
724,9.99,46668.0,Indie
725,14.99,46626.0,Indie
726,2.0,46602.0,Indie
727,19.99,46470.0,Indie
728,19.99,46195.0,Indie
729,24.99,46151.0,Indie
730,17.99,46101.0,Indie
731,4.99,46036.0,Indie
732,14.99,45723.0,Indie
733,2.99,45518.0,Indie
734,14.99,45463.0,AA
735,15.99,45414.0,Indie
736,19.99,45410.0,Indie
737,6.99,45337.0,Indie
738,24.99,45198.0,Indie
739,11.99,45169.0,Indie
740,6.99,45074.0,Indie
741,9.99,44989.0,Indie
742,29.99,44908.0,Indie
743,19.99,44905.0,Indie
744,19.99,44449.0,AA
745,14.99,44231.0,Indie
746,19.99,44160.0,Indie
747,14.99,44103.0,Indie
748,14.99,43908.0,Indie
749,29.99,43887.0,Indie
750,5.99,43768.0,Indie
751,19.99,43725.0,Indie
752,29.99,43678.0,Indie
753,19.99,43600.0,Indie
754,14.99,43542.0,Indie
755,6.99,43017.0,Indie
756,49.99,42966.0,Indie
757,3.99,42955.0,Indie
758,0.0,42896.0,Indie
759,0.0,42896.0,Indie
760,12.99,42892.0,Indie
761,2.99,42836.0,Indie
762,2.99,42568.0,Indie
763,19.99,42508.0,Indie
764,11.99,42490.0,Indie
765,7.99,42377.0,Indie
766,9.99,42371.0,Indie
767,9.99,42332.0,AAA
768,34.99,42280.0,Indie
769,9.99,42253.0,Indie
770,9.99,42180.0,Indie
771,29.99,42089.0,Indie
772,7.99,42019.0,Indie
773,9.99,41953.0,Indie
774,4.99,41949.0,Indie
775,4.99,41891.0,Indie
776,49.99,41764.0,Indie
777,2.99,41751.0,Indie
778,34.99,41386.0,Indie
779,5.99,41369.0,Indie
780,0.0,41269.0,Indie
781,13.99,41218.0,Indie
782,6.99,41201.0,Indie
783,9.99,41069.0,Indie
784,14.99,40987.0,Indie
785,3.99,40967.0,Indie
786,12.99,40926.0,Indie
787,34.99,40866.0,Indie
788,14.99,40857.0,Indie
789,16.99,40793.0,Indie
790,14.99,40762.0,Indie
791,12.99,40748.0,Indie
792,24.99,40690.0,Indie
793,24.99,40666.0,Indie
794,19.99,40490.0,Indie
795,8.99,40336.0,Indie
796,17.99,40218.0,Indie
797,12.99,40188.0,Indie
798,14.99,40182.0,Indie
799,4.99,40067.0,Indie
800,9.99,40051.0,Indie
801,5.99,40010.0,Indie
802,10.99,39971.0,Indie
803,0.0,39887.0,Indie
804,9.99,39816.0,Indie
805,15.99,39769.0,Indie
806,8.99,39756.0,Indie
807,0.0,39735.0,Indie
808,12.99,39589.0,Indie
809,4.99,39527.0,Indie
810,39.99,39446.0,Indie
811,39.99,39428.0,Indie
812,24.99,39342.0,Indie
813,19.99,39323.0,Indie
814,19.99,39215.0,Indie
815,12.99,39145.0,Indie
816,10.99,39110.0,Indie
817,9.99,39057.0,Indie
818,0.0,38814.0,Indie
819,19.99,38734.0,Indie
820,9.99,38560.0,Indie
821,29.99,38478.0,Indie
822,11.99,38429.0,Indie
823,1.99,38327.0,Indie
824,19.99,38045.0,Indie
825,7.99,37988.0,Indie
826,9.99,37850.0,Indie
827,19.99,37803.0,Indie
828,9.99,37696.0,Indie
829,9.9,37621.0,Indie
830,9.99,37590.0,Indie
831,12.99,37567.0,Indie
832,9.99,37487.0,Indie
833,14.99,37472.0,Indie
834,39.99,37412.0,Indie
835,5.99,37405.0,Indie
836,39.99,37380.0,Indie
837,19.99,37235.0,Indie
838,9.99,37160.0,Indie
839,14.99,37043.0,Indie
840,19.99,36809.0,Indie
841,9.99,36774.0,Indie
842,9.99,36654.0,Indie
843,10.99,36626.0,Indie
844,7.99,36601.0,Indie
845,6.99,36460.0,Indie
846,19.99,36435.0,Indie
847,19.99,36294.0,Indie
848,3.99,36224.0,Indie
849,4.99,36165.0,AAA
850,19.99,36163.0,Indie
851,6.99,36125.0,Indie
852,17.99,36030.0,Indie
853,14.99,36029.0,Indie
854,24.99,36009.0,Indie
855,39.99,35903.0,Indie
856,11.99,35878.0,Indie
857,24.99,35867.0,Indie
858,3.99,35719.0,Indie
859,19.99,35571.0,Indie
860,19.99,35330.0,Indie
861,19.99,35298.0,Indie
862,19.99,35271.0,Indie
863,5.99,35198.0,Indie
864,12.99,35181.0,Indie
865,9.99,35119.0,Indie
866,54.99,34638.0,Indie
867,2.99,34570.0,Indie
868,14.99,34538.0,Indie
869,29.99,34480.0,Indie
870,22.99,34423.0,Indie
871,9.99,34177.0,Indie
872,12.99,34147.0,Indie
873,15.99,34137.0,Indie
874,2.99,34019.0,Indie
875,19.99,33913.0,Indie
876,14.99,33771.0,Indie
877,16.99,33220.0,Indie
878,24.99,33085.0,Indie
879,10.99,33040.0,Indie
880,29.99,32967.0,Indie
881,9.99,32913.0,Indie
882,13.99,32895.0,Indie
883,14.99,32789.0,Indie
884,4.99,32753.0,Indie
885,11.99,32723.0,Indie
886,0.0,32631.0,Indie
887,4.99,32631.0,Indie
888,18.99,32506.0,Indie
889,39.99,32480.0,Indie
890,6.99,32472.0,Indie
891,11.99,32365.0,Indie
892,25.5,32198.0,Indie
893,2.99,32166.0,Indie
894,12.99,32128.0,Indie
895,59.99,32016.0,AA
896,14.99,31842.0,Indie
897,19.99,31754.0,Indie
898,14.99,31678.0,Indie
899,14.99,31644.0,Indie
900,34.99,31543.0,Indie
901,4.99,31466.0,Indie
902,6.99,31464.0,Indie
903,8.99,31353.0,Indie
904,6.99,31301.0,Indie
905,9.99,31198.0,Indie
906,9.99,31098.0,Indie
907,9.99,31098.0,Indie
908,14.99,31003.0,Indie
909,9.99,30951.0,Indie
910,7.99,30948.0,Indie
911,9.99,30925.0,Indie
912,3.99,30878.0,Indie
913,0.0,30820.0,Indie
914,14.99,30759.0,Indie
915,14.99,30652.0,Indie
916,14.99,30558.0,Indie
917,14.99,30498.0,Indie
918,6.99,30419.0,Indie
919,9.99,30243.0,AAA
920,4.99,30192.0,Indie
921,14.99,30160.0,Indie
922,12.99,30108.0,Indie
923,7.99,30099.0,Indie
924,18.99,29857.0,Indie
925,11.99,29843.0,Indie
926,24.99,29800.0,Indie
927,9.99,29726.0,Indie
928,5.99,29692.0,Indie
929,9.99,29651.0,Indie
930,9.99,29631.0,AAA
931,19.99,29626.0,Indie
932,3.99,29544.0,Indie
933,14.99,29539.0,Indie
934,15.99,29423.0,Indie
935,24.99,29349.0,Indie
936,5.99,29315.0,Indie
937,19.99,29284.0,Indie
938,14.99,29280.0,Indie
939,0.0,29152.0,Indie
940,19.99,29102.0,Indie
941,6.99,29094.0,Indie
942,16.99,29045.0,Indie
943,9.99,29037.0,Indie
944,14.99,28857.0,Indie
945,9.99,28857.0,Indie
946,9.99,28741.0,Indie
947,7.99,28692.0,Indie
948,19.99,28685.0,AA
949,13.99,28629.0,Indie
950,6.99,28579.0,Indie
951,2.99,28485.0,Indie
952,11.99,28483.0,Indie
953,24.99,28463.0,Indie
954,14.99,28188.0,Indie
955,0.0,28044.0,Indie
956,9.99,27883.0,Indie
957,8.99,27860.0,Indie
958,19.99,27849.0,Indie
959,17.99,27758.0,Indie
960,4.99,27717.0,Indie
961,4.99,27542.0,Indie
962,11.99,27529.0,Indie
963,14.99,27484.0,Indie
964,24.99,27474.0,Indie
965,4.99,27369.0,Indie
966,9.99,27368.0,Indie
967,11.99,27336.0,Indie
968,7.99,27226.0,Indie
969,9.99,27202.0,AA
970,14.99,27180.0,Indie
971,16.99,27085.0,Indie
972,7.99,27071.0,Indie
973,9.99,27005.0,Indie
974,18.99,26984.0,Indie
975,14.99,26897.0,Indie
976,19.99,26802.0,Indie
977,3.99,26619.0,Indie
978,0.0,26579.0,Indie
979,9.99,26577.0,Indie
980,7.99,26516.0,Indie
981,12.99,26457.0,Indie
982,4.99,26436.0,Indie
983,18.99,26435.0,Indie
984,19.99,26321.0,Indie
985,14.99,26312.0,Indie
986,34.99,26043.0,Indie
987,24.99,26027.0,Indie
988,6.99,26013.0,Indie
989,14.99,25998.0,Indie
990,4.99,25991.0,AAA
991,8.99,25961.0,Indie
992,29.99,25957.0,Indie
993,24.99,25886.0,Indie
994,10.99,25798.0,Indie
995,19.99,25727.0,Indie
996,4.99,25657.0,Indie
997,17.99,25637.0,Indie
998,0.0,25618.0,Indie
999,25.0,25605.0,Indie
1000,11.99,25601.0,Indie
1001,34.99,25577.0,Indie
1002,19.99,25573.0,Indie
1003,2.99,25568.0,AA
1004,12.99,25518.0,Indie
1005,6.99,25488.0,Indie
1006,6.99,25484.0,Indie
1007,14.99,25471.0,Indie
1008,24.99,25454.0,Indie
1009,7.99,25205.0,Indie
1010,11.99,25107.0,Indie
1011,29.99,25078.0,Indie
1012,19.99,25077.0,Indie
1013,1.99,25071.0,Indie
1014,4.99,25070.0,Indie
1015,9.99,25061.0,Indie
1016,0.0,24986.0,Indie
1017,6.99,24952.0,Indie
1018,19.99,24912.0,Indie
1019,19.99,24828.0,Indie
1020,29.99,24809.0,Indie
1021,4.99,24711.0,Indie
1022,11.99,24675.0,Indie
1023,7.99,24620.0,Indie
1024,14.99,24562.0,Indie
1025,19.99,24519.0,Indie
1026,0.0,24402.0,Indie
1027,19.99,24374.0,Indie
1028,4.99,24206.0,Indie
1029,19.99,24136.0,Indie
1030,12.99,24106.0,Indie
1031,6.99,24090.0,Indie
1032,11.99,24086.0,Indie
1033,7.99,23966.0,Indie
1034,6.99,23913.0,Indie
1035,3.99,23873.0,Indie
1036,8.99,23794.0,Indie
1037,12.99,23719.0,Indie
1038,3.99,23718.0,Indie
1039,14.99,23628.0,Indie
1040,6.99,23624.0,Indie
1041,3.99,23571.0,Indie
1042,14.99,23560.0,Indie
1043,9.99,23373.0,AA
1044,8.99,23351.0,Indie
1045,19.99,23329.0,AA
1046,7.99,23195.0,Indie
1047,14.99,23150.0,AA
1048,8.99,23097.0,Indie
1049,14.99,23078.0,Indie
1050,19.99,23047.0,Indie
1051,19.99,23043.0,Indie
1052,19.99,23043.0,Indie
1053,4.99,22990.0,Indie
1054,4.99,22960.0,Indie
1055,0.0,22916.6017927192,Indie
1056,12.99,22893.0,Indie
1057,12.99,22844.0,Indie
1058,24.99,22808.0,Indie
1059,24.99,22800.0,Indie
1060,14.99,22790.0,Indie
1061,4.99,22701.0,Indie
1062,19.99,22581.0,Indie
1063,6.99,22568.0,AA
1064,3.99,22509.0,Indie
1065,22.99,22449.0,Indie
1066,14.99,22422.0,Indie
1067,10.99,22371.0,Indie
1068,9.99,22360.0,Indie
1069,16.99,22306.0,Indie
1070,0.0,22299.0,Indie
1071,17.99,22288.0,Indie
1072,7.99,22222.0,Indie
1073,14.99,22137.0,Indie
1074,15.99,22129.0,Indie
1075,15.99,22099.0,Indie
1076,19.99,22080.0,Indie
1077,4.99,22014.0,Indie
1078,5.99,21939.0,Indie
1079,24.99,21939.0,Indie
1080,7.99,21898.0,Indie
1081,0.0,21880.59479904341,Indie
1082,11.99,21744.0,Indie
1083,5.99,21719.0,Indie
1084,14.99,21703.0,Indie
1085,9.99,21685.0,Indie
1086,9.99,21653.0,Indie
1087,3.99,21651.0,Indie
1088,19.99,21606.0,Indie
1089,14.99,21592.0,AA
1090,19.99,21499.0,Indie
1091,5.99,21479.0,Indie
1092,7.99,21461.0,Indie
1093,14.99,21402.0,Indie
1094,24.99,21364.0,Indie
1095,9.99,21283.0,Indie
1096,6.99,21260.0,Indie
1097,11.99,21168.0,Indie
1098,9.99,21162.0,Indie
1099,19.99,21156.0,Indie
1100,20.0,21150.0,Indie
1101,4.99,21106.0,Indie
1102,19.99,21086.0,Indie
1103,8.99,21082.0,Indie
1104,11.99,21067.0,Indie
1105,9.99,21066.0,Indie
1106,29.99,21022.0,Indie
1107,6.99,20955.0,Indie
1108,15.99,20946.0,Indie
1109,34.99,20922.0,Indie
1110,6.99,20723.0,Indie
1111,14.99,20674.0,AA
1112,17.99,1868809.0,Indie
1113,24.99,1847587.0,Indie
1114,18.99,1847579.0,Indie
1115,12.99,1838206.0,Indie
1116,22.99,1775842.0,Indie
1117,9.99,1772844.0,Indie
1118,34.99,1756839.0,AA
1119,0.0,1753880.0,Indie
1120,15.99,1743322.0,Indie
1121,0.0,1737265.0,Indie
1122,9.99,1736582.0,Indie
1123,39.99,1733797.0,Indie
1124,29.99,1717400.0,AA
1125,16.99,1668116.0,Indie
1126,24.99,1661037.0,Indie
1127,8.99,1644179.0,Indie
1128,49.99,1640362.0,Indie
1129,29.99,1624986.0,Indie
1130,19.99,1596416.0,Indie
1131,6.99,1585093.0,Indie
1132,39.99,1568855.0,Indie
1133,19.99,1568853.0,Indie
1134,24.99,1561494.0,AA
1135,0.0,1560133.0,Indie
1136,59.99,1554073.0,AA
1137,69.99,1554033.0,AAA
1138,19.99,1547770.0,Indie
1139,9.99,1546464.0,Indie
1140,59.99,1535628.0,AA
1141,19.99,1490579.0,AA
1142,0.0,1459213.0,Indie
1143,34.99,1448665.0,Indie
1144,19.99,1444444.0,Indie
1145,29.99,1430436.0,Indie
1146,16.99,1428520.0,Indie
1147,12.99,1419860.0,Indie
1148,9.99,1408406.0,Indie
1149,0.0,1405649.3985145492,Indie
1150,29.99,1398063.0,AA
1151,0.0,1395292.0,Indie
1152,29.99,1385673.0,Indie
1153,29.99,1367965.0,AAA
1154,24.99,1348620.0,Indie
1155,29.99,1330840.0,Indie
1156,19.99,1330789.0,AA
1157,24.99,1326590.0,Indie
1158,19.99,1310018.0,Indie
1159,29.99,1302774.0,AAA
1160,0.0,1293328.0,Indie
1161,9.99,1293189.0,AA
1162,49.99,1276574.0,AAA
1163,19.99,1269633.0,Indie
1164,29.99,1265895.0,Indie
1165,24.99,1260811.0,AA
1166,0.0,1250580.7988945069,Indie
1167,0.0,1233567.0,AA
1168,19.99,1231915.0,AA
1169,29.99,1229708.0,AA
1170,11.99,1217173.0,Indie
1171,14.99,1188273.0,Indie
1172,19.99,1188098.0,Indie
1173,24.99,1173275.0,Indie
1174,19.99,1170260.0,Indie
1175,19.99,1168042.0,Indie
1176,5.99,1166563.0,Indie
1177,7.99,1160637.0,Indie
1178,24.99,1160305.0,Indie
1179,0.0,1153910.9084421117,Indie
1180,15.99,1153011.0,Indie
1181,9.99,1126490.0,Indie
1182,24.99,1124733.0,Indie
1183,44.99,1090577.0,Indie
1184,19.99,1072894.0,Indie
1185,24.99,1061930.0,Indie
1186,19.99,1047362.0,Indie
1187,19.99,1045536.0,Indie
1188,24.99,1042637.0,Indie
1189,14.99,1042636.0,Indie
1190,0.0,1039161.219972389,AA
1191,0.0,1036107.0,Indie
1192,19.99,1019946.0,AA
1193,14.99,1001962.0,Indie
1194,24.99,985076.0,Indie
1195,39.99,977191.0,AAA
1196,39.99,966283.0,Indie
1197,0.0,961994.0,AAA
1198,39.99,960791.0,AAA
1199,24.99,957117.0,Indie
1200,49.99,954851.0,Indie
1201,24.99,954119.0,Indie
1202,0.0,933938.0,AAA
1203,0.0,930800.0,AAA
1204,11.99,928429.0,Indie
1205,16.99,927493.0,AA
1206,0.0,926924.0,AAA
1207,24.99,922336.0,Indie
1208,0.0,921771.0,AAA
1209,0.0,921760.0,AAA
1210,0.0,920024.0,AAA
1211,24.99,906252.0,AA
1212,19.99,902318.0,Indie
1213,14.99,900796.0,Indie
1214,29.99,887656.0,Indie
1215,10.99,884330.0,Indie
1216,24.99,879212.0,Indie
1217,34.99,875986.0,Indie
1218,19.99,874462.0,Indie
1219,14.99,871956.0,Indie
1220,7.99,867610.0,Indie
1221,19.99,866137.0,Indie
1222,19.99,864588.0,Indie
1223,0.0,853013.0,Indie
1224,24.99,845758.0,Indie
1225,19.99,836331.0,Indie
1226,24.99,832922.0,Indie
1227,12.99,831336.0,AA
1228,9.99,829084.0,Indie
1229,13.99,827721.0,Indie
1230,0.0,825766.0,Indie
1231,24.99,824669.0,Indie
1232,29.99,824203.0,Indie
1233,24.99,814241.0,AA
1234,6.99,814072.0,Indie
1235,14.99,812211.0,Indie
1236,14.99,806583.0,Indie
1237,59.99,806366.0,AA
1238,24.99,797925.0,Indie
1239,17.99,793506.0,Indie
1240,24.99,793022.0,Indie
1241,16.99,790516.0,Indie
1242,19.99,787448.0,Indie
1243,49.99,787339.0,Indie
1244,39.99,779187.0,Indie
1245,19.99,778760.0,AA
1246,29.99,764069.0,Indie
1247,9.99,763279.0,Indie
1248,29.99,752577.0,AA
1249,0.0,751373.0,Indie
1250,29.99,744243.0,AA
1251,39.99,743441.0,AAA
1252,19.99,742914.0,AA
1253,17.99,725958.0,Indie
1254,17.99,724772.0,Indie
1255,19.99,723249.0,Indie
1256,24.99,720375.0,Indie
1257,11.99,719997.0,Indie
1258,34.99,714971.0,Indie
1259,39.99,709826.0,AA
1260,14.99,707686.0,Indie
1261,49.99,705648.0,Indie
1262,19.99,704108.0,Indie
1263,29.99,702787.0,AA
1264,14.99,700241.0,Indie
1265,14.99,691110.0,Indie
1266,10.99,688783.0,Indie
1267,9.99,684821.0,Indie
1268,29.99,683951.0,AAA
1269,29.99,683121.0,Indie
1270,44.99,675551.0,AA
1271,29.99,673600.0,AA
1272,8.99,673586.0,Indie
1273,12.99,673225.0,Indie
1274,49.99,670774.0,AA
1275,19.99,668524.0,AA
1276,59.99,667814.0,AAA
1277,9.99,663730.0,Indie
1278,14.99,661717.0,Indie
1279,9.99,649091.0,Indie
1280,18.99,648123.0,Indie
1281,14.99,646945.0,Indie
1282,12.99,638497.0,Indie
1283,7.99,634206.0,Indie
1284,24.99,632941.0,AA
1285,4.99,632369.0,Indie
1286,26.99,625495.0,Indie
1287,9.79,623473.0,Indie
1288,19.99,611012.0,Indie
1289,0.0,606780.0,Indie
1290,19.99,605601.0,Indie
1291,5.99,605472.0,Indie
1292,3.99,602569.0,Indie
1293,19.99,602187.0,Indie
1294,29.99,601167.0,Indie
1295,14.99,600836.0,Indie
1296,24.99,597802.0,Indie
1297,7.99,596521.0,Indie
1298,12.99,582729.0,Indie
1299,16.99,577505.0,Indie
1300,29.99,562753.0,Indie
1301,14.99,560803.0,AA
1302,0.0,554295.9124042441,Indie
1303,29.99,552082.0,Indie
1304,24.99,548556.0,Indie
1305,6.99,543074.0,Indie
1306,16.99,535736.0,Indie
1307,24.99,530576.0,AA
1308,29.99,524794.0,AA
1309,24.99,523807.0,Indie
1310,14.99,521570.0,Indie
1311,27.99,519305.0,AA
1312,0.0,515874.0,Indie
1313,24.99,510816.0,Indie
1314,19.99,508466.0,Indie
1315,15.99,504572.0,Indie
1316,59.99,499436.0,Indie
1317,59.99,498522.0,AAA
1318,6.99,492076.0,Indie
1319,19.99,491385.0,Indie
1320,19.99,489411.0,Indie
1321,14.99,481057.0,Indie
1322,19.99,480134.0,Indie
1323,9.99,478886.0,Indie
1324,19.99,478599.0,Indie
1325,19.99,477043.0,Indie
1326,4.99,476684.0,Indie
1327,15.99,476002.0,Indie
1328,14.99,473076.0,Indie
1329,19.99,469651.0,Indie
1330,19.99,469375.0,Indie
1331,59.99,467421.0,AA
1332,19.99,466608.0,Indie
1333,49.99,464418.0,AA
1334,29.99,458980.0,Indie
1335,49.99,458548.0,AA
1336,4.99,457163.0,Indie
1337,10.99,454488.0,Indie
1338,19.99,450937.0,Indie
1339,24.99,447349.0,Indie
1340,12.99,442047.0,Indie
1341,10.99,440759.0,Indie
1342,19.99,440677.0,Indie
1343,19.99,439367.0,AA
1344,24.99,438381.0,AA
1345,17.99,438131.0,Indie
1346,6.99,433805.0,Indie
1347,39.99,428492.0,Indie
1348,6.99,426279.0,Indie
1349,14.99,422423.0,Indie
1350,14.99,420150.0,Indie
1351,24.99,419597.0,Indie
1352,15.99,418284.0,AA
1353,19.99,409596.0,Indie
1354,14.99,405492.0,AA
1355,0.0,404777.0,Indie
1356,19.99,404450.0,Indie
1357,39.99,398126.0,AA
1358,14.99,397065.0,Indie
1359,34.99,394548.0,Indie
1360,24.99,389794.0,Indie
1361,14.99,388950.0,Indie
1362,12.99,387300.0,Indie
1363,14.99,386128.0,Indie
1364,11.99,384939.0,Indie
1365,0.0,382551.0,Indie
1366,29.99,381290.0,Indie
1367,6.99,381263.0,Indie
1368,14.99,380842.0,AA
1369,7.99,378779.0,Indie
1370,9.99,378109.0,Indie
1371,11.99,375083.0,Indie
1372,24.99,373115.0,Indie
1373,12.99,372353.0,Indie
1374,8.99,367697.0,Indie
1375,13.99,366870.0,Indie
1376,8.99,366211.0,Indie
1377,29.99,365999.0,Indie
1378,29.99,365533.0,AA
1379,14.99,361489.0,Indie
1380,9.99,357315.0,Indie
1381,0.0,355113.9777668873,Indie
1382,24.99,353044.0,Indie
1383,24.99,348104.0,Indie
1384,14.99,347352.0,Indie
1385,19.99,346213.0,Indie
1386,14.99,346056.0,Indie
1387,24.99,343752.0,Indie
1388,19.99,343656.0,Indie
1389,19.99,343615.0,AAA
1390,39.99,342346.0,AAA
1391,10.99,341716.0,Indie
1392,9.99,341695.0,Indie
1393,7.99,341153.0,Indie
1394,14.99,340655.0,Indie
1395,10.99,340299.0,Indie
1396,7.99,339556.0,Indie
1397,29.99,339360.0,Indie
1398,14.99,335843.0,Indie
1399,39.99,334624.0,AA
1400,19.99,334157.0,Indie
1401,24.99,333332.0,Indie
1402,19.99,332069.0,Indie
1403,14.99,331338.0,Indie
1404,19.99,331297.0,Indie
1405,24.99,329960.0,Indie
1406,24.99,329360.0,Indie
1407,19.99,328937.0,AAA
1408,39.99,328150.0,AA
1409,13.99,327846.0,Indie
1410,9.99,327297.0,Indie
1411,17.76,323316.0,Indie
1412,19.99,318984.0,Indie
1413,19.99,318836.0,AA
1414,19.99,316497.0,AA
1415,0.0,312915.8051949718,Indie
1416,39.99,312155.0,Indie
1417,19.99,311648.0,Indie
1418,0.0,311127.0,Indie
1419,39.99,310683.0,Indie
1420,19.99,309785.0,AA
1421,17.99,309239.0,Indie
1422,14.99,309178.0,Indie
1423,7.99,308936.0,Indie
1424,29.99,308759.0,Indie
1425,59.99,307802.0,AA
1426,18.99,307662.0,Indie
1427,19.99,306334.0,Indie
1428,9.99,305905.0,Indie
1429,19.99,302053.0,Indie
1430,19.99,301453.0,Indie
1431,10.99,301311.0,Indie
1432,12.99,299544.0,Indie
1433,19.99,298380.0,AA
1434,8.99,294934.0,Indie
1435,19.99,292022.0,AAA
1436,8.99,291300.0,Indie
1437,9.99,290153.0,AAA
1438,29.99,286736.0,Indie
1439,14.99,286580.0,AA
1440,4.99,284695.0,Indie
1441,14.99,284501.0,Indie
1442,7.99,283947.0,Indie
1443,7.99,283824.0,Indie
1444,49.99,283353.0,AA
1445,34.99,280098.0,Indie
1446,14.99,279126.0,Indie
1447,29.99,278620.0,Indie
1448,17.99,277766.0,Indie
1449,16.99,276924.0,Indie
1450,11.99,276349.0,Indie
1451,34.99,275769.0,Indie
1452,29.99,274280.0,Indie
1453,17.99,273599.0,Indie
1454,10.99,272968.0,Indie
1455,19.99,272494.0,Indie
1456,14.99,271974.0,Indie
1457,12.99,267903.0,Indie
1458,24.99,267742.0,Indie
1459,5.99,267621.0,Indie
1460,9.99,264829.0,Indie
1461,14.99,264059.0,Indie
1462,59.99,837793356.0,AAA
1463,39.99,435635596.0,AAA
1464,29.99,392328553.0,AA
1465,29.99,217017892.0,AA
1466,69.99,111478291.0,AAA
1467,0.0,102244808.0,AA
1468,34.99,97723674.0,AA
1469,44.99,89781931.0,AA
1470,34.99,83614738.0,AA
1471,39.99,63098408.0,AA
1472,29.99,57595515.0,AA
1473,59.99,49948315.0,AAA
1474,59.99,49035237.0,AA
1475,69.99,45285110.0,AAA
1476,29.99,42718547.0,AA
1477,69.99,34601865.0,AA
1478,0.0,34530561.0,Indie
1479,34.99,34030740.0,Indie
1480,29.99,31266686.0,Indie
1481,39.99,30878209.0,AA
1482,12.99,26020639.0,Indie
1483,59.99,22958942.0,AAA
1484,23.99,21286732.0,Indie
1485,69.99,21265220.0,AA
1486,14.99,20479210.0,Indie
1487,19.99,20361907.0,Indie
1488,33.32,17732078.0,Indie
1489,4.99,17039291.0,Indie
1490,39.99,15949990.0,AA
1491,0.0,15689364.148647271,Indie
1492,39.99,14143225.0,Indie
1493,69.99,10996510.0,AAA
1494,69.99,10822924.0,AAA
1495,0.0,10787342.0,Indie
1496,29.99,10758811.0,Indie
1497,59.99,10669532.0,AA
1498,9.99,10517722.0,Indie
1499,24.99,10501115.0,Indie
1500,34.99,10468105.0,Indie
1501,0.0,9695496.0,Indie
1502,69.99,9602451.0,AAA
1503,29.99,9517954.0,Indie
1504,7.99,9426045.0,AA
1505,39.99,9363299.0,AA
1506,29.99,9013215.0,AA
1507,24.99,8739530.0,Indie
1508,0.0,8706135.0,Indie
1509,34.99,8641459.0,AA
1510,59.99,8440898.0,AA
1511,19.99,8125042.0,Indie
